品种：苹果AP     日期：2021-04-06,Unnamed: 4,Unnamed: 5,Unnamed: 6,Unnamed: 7,Unnamed: 8,Unnamed: 9
名次,会员简称,持买仓量,增减量,会员简称,持卖仓量,增减量
1,永安期货,"18,636","1,853",徽商期货,"20,419",876
2,海通期货,"18,317",81,国泰君安,"19,409","2,966"
3,华泰期货,"17,174",560,鲁证期货,"18,335",-812
4,中信期货,"17,090",-280,方正中期,"17,044",-267
5,方正中期,"16,716","1,873",海通期货,"17,039","1,122"
6,国泰君安,"16,444",484,中信期货,"16,971","1,255"
7,申银万国,"16,142","1,183",银河期货,"16,068","2,204"
8,徽商期货,"15,704",835,华安期货,"15,603",-411
9,银河期货,"13,864",934,光大期货,"15,526","2,037"
10,光大期货,"13,694","1,351",永安期货,"15,210",-128
11,一德期货,"13,507",796,华泰期货,"14,411","1,250"
12,东证期货,"13,008",-811,招金期货,"13,899",337
13,宏源期货,"12,181","1,142",宏源期货,"13,811","1,377"
14,鲁证期货,"10,767",816,东证期货,"13,354",727
15,华安期货,"10,608",719,国富期货,"11,921",872
16,中辉期货,"9,805",987,海证期货,"11,571",-231
17,南华期货,"9,773",665,倍特期货,"11,505","1,376"
18,东吴期货,"9,672","1,071",中辉期货,"11,235",185
19,浙商期货,"9,643",617,一德期货,"10,865",-663
20,中大期货,"9,497",267,中信建投,"10,355",378
合计,,"272,242","15,143",,"294,551","14,450"
品种：棉花CF     日期：2021-04-06,,,,,,
名次,会员简称,持买仓量,增减量,会员简称,持卖仓量,增减量
1,永安期货,"68,326",899,中信期货,"65,597","-6,782"
2,银河期货,"51,791",988,东证期货,"48,128",-10
3,东证期货,"47,745","-3,120",国投安信期货,"43,803","1,227"
4,长江期货,"30,281",-116,国泰君安,"41,126","2,959"
5,中信期货,"28,335",-928,中粮期货,"38,440","2,131"
6,中粮期货,"25,724",584,华融融达期货,"33,006",514
7,申银万国,"23,985",-273,中国国际,"32,928",406
8,五矿经易期货,"23,937",-394,银河期货,"32,768",445
9,国泰君安,"22,616","1,176",永安期货,"29,763",-60
10,南华期货,"19,554",-138,新湖期货,"27,403",627
11,国投安信期货,"19,476",-493,长江期货,"25,911",-157
12,华融融达期货,"19,157","-1,047",国贸期货,"20,417",-126
13,浙商期货,"12,900","-1,168",信达期货,"14,712",-27
14,宏源期货,"12,758",160,大有期货,"12,526",-12
15,海通期货,"11,498","1,780",华泰期货,"11,914",-560
16,信达期货,"10,656",54,海通期货,"11,068",-228
17,兴证期货,"10,420","-1,208",瑞达期货,"8,841",-228
18,中辉期货,"9,606","1,289",格林大华期货,"8,769",-78
19,方正中期,"9,575",567,兴证期货,"8,206",-458
20,华泰期货,"8,938","-1,231",中大期货,"8,183",143
合计,,"467,278","-2,619",,"523,509",-274
品种：红枣CJ     日期：2021-04-06,,,,,,
名次,会员简称,持买仓量,增减量,会员简称,持卖仓量,增减量
1,华泰期货,"3,085",232,中信期货,"3,454",27
2,中信期货,"2,741",35,五矿经易期货,"1,735",151
3,中辉期货,"1,702",-3,永安期货,"1,497",45
4,东航期货,"1,643",81,华泰期货,"1,489",-79
5,光大期货,791,-103,宏源期货,"1,058",106
6,国投安信期货,710,-95,华闻期货,837,634
7,长江期货,648,-24,中辉期货,796,-103
8,海证期货,634,-55,国泰君安,785,32
9,永安期货,633,57,方正中期,685,245
10,云财富期货,628,0,海证期货,682,27
11,一德期货,601,-127,一德期货,665,-8
12,迈科期货,562,42,东证期货,592,-46
13,五矿经易期货,561,-2,金元期货,566,-110
14,银河期货,559,-33,云财富期货,560,0
15,鲁证期货,549,9,国投安信期货,558,135
16,国泰君安,528,41,新湖期货,541,40
17,平安期货,507,15,华融融达期货,532,82
18,金鹏期货,488,4,光大期货,477,7
19,徽商期货,462,14,申银万国,439,-8
20,申银万国,462,0,招金期货,426,-19
合计,,"18,494",88,,"18,374","1,158"
品种：棉纱CY     日期：2021-04-06,,,,,,
名次,会员简称,持买仓量,增减量,会员简称,持卖仓量,增减量
1,永安期货,620,6,华融融达期货,602,0
2,长江期货,307,123,摩根大通,462,139
3,国贸期货,207,-7,长江期货,303,129
4,天风期货,202,-7,永安期货,297,72
5,宏源期货,201,64,宏源期货,207,67
6,五矿经易期货,165,129,东证期货,200,32
7,华安期货,126,24,五矿经易期货,165,129
8,东证期货,116,-6,海通期货,159,44
9,东吴期货,98,45,国联期货,122,0
10,国投安信期货,96,29,中信期货,91,1
11,中国国际,96,20,中粮期货,75,7
12,广发期货,76,49,国泰君安,69,-5
13,南华期货,76,-3,创元期货,67,44
14,方正中期,74,8,方正中期,60,8
15,中信建投,73,-12,中原期货,54,10
16,银河期货,66,16,弘业期货,51,4
17,新纪元期货,63,15,南华期货,48,0
18,徽商期货,60,0,金元期货,47,-28
19,浙商期货,57,-8,上海大陆,45,7
20,中原期货,55,10,东方财富,44,6
合计,,"2,834",495,,"3,168",666
品种：玻璃FG     日期：2021-04-06,,,,,,
名次,会员简称,持买仓量,增减量,会员简称,持卖仓量,增减量
1,中信期货,"114,139","-1,106",华泰期货,"30,426",613
2,国泰君安,"49,874","3,194",永安期货,"26,674",152
3,永安期货,"46,394","6,935",国泰君安,"26,603","-3,026"
4,华泰期货,"27,822","4,122",方正中期,"25,880","-1,606"
5,方正中期,"27,105","1,380",光大期货,"22,102","-5,190"
6,瑞达期货,"17,663","1,149",中信期货,"21,347","-2,549"
7,海通期货,"17,536","-4,469",徽商期货,"20,925","1,430"
8,五矿经易期货,"16,986","1,342",国投安信期货,"20,305",501
9,国投安信期货,"16,583",60,南华期货,"16,616","6,371"
10,银河期货,"15,639","-5,078",广发期货,"16,261","2,424"
11,光大期货,"14,525","-4,749",银河期货,"15,121","1,219"
12,东证期货,"14,406","-2,642",浙商期货,"14,232",497
13,中粮期货,"11,015",113,海通期货,"14,028","-3,002"
14,国富期货,"10,935","-2,322",平安期货,"13,643",397
15,广发期货,"9,189","1,033",华安期货,"13,287","1,861"
16,东航期货,"8,938",757,大地期货,"12,267",271
17,南华期货,"8,778","1,302",瑞达期货,"12,041",317
18,招商期货,"8,626",509,东证期货,"10,832","-9,183"
19,中辉期货,"8,580","-2,530",国富期货,"10,467","3,167"
20,东吴期货,"8,476","-1,914",中信建投,"10,124","-1,615"
合计,,"453,209","-2,914",,"353,181","-6,951"
品种：粳稻JR     日期：2021-04-06,,,,,,
名次,会员简称,持买仓量,增减量,会员简称,持卖仓量,增减量
1,西南期货,10,0,长江期货,23,0
2,平安期货,8,0,天风期货,7,0
3,兴证期货,3,0,东航期货,4,0
4,中信期货,2,0,弘业期货,1,-1
5,东证期货,2,0,东吴期货,1,0
6,华泰期货,1,0,华泰期货,0,0
7,弘业期货,1,0,上海大陆,0,0
8,徽商期货,1,0,徽商期货,0,0
9,鲁证期货,1,0,中信期货,0,0
10,中粮期货,1,0,鲁证期货,0,0
11,长江期货,1,0,中粮期货,0,0
12,海通期货,1,0,西南期货,0,0
13,中原期货,1,0,海通期货,0,0
14,东吴期货,1,0,中原期货,0,0
15,中辉期货,1,0,东证期货,0,0
16,华闻期货,1,0,山西三立,0,0
17,上海大陆,0,-1,中辉期货,0,0
18,山西三立,0,0,兴证期货,0,0
19,东航期货,0,0,华闻期货,0,0
20,天风期货,0,0,平安期货,0,0
合计,,36,-1,,36,-1
品种：甲醇MA     日期：2021-04-06,,,,,,
名次,会员简称,持买仓量,增减量,会员简称,持卖仓量,增减量
1,中信期货,"88,119","7,039",中信期货,"93,452","4,906"
2,东证期货,"64,211","-59,957",东证期货,"66,558","-52,900"
3,东吴期货,"49,462","-2,745",永安期货,"62,990",-160
4,光大期货,"46,654",-456,东吴期货,"53,079",-784
5,新湖期货,"45,867","6,631",银河期货,"51,989","3,106"
6,银河期货,"45,472","1,775",新湖期货,"47,134","5,846"
7,国泰君安,"39,022",316,光大期货,"43,147","-2,829"
8,海通期货,"27,838","-2,137",华泰期货,"28,619","-2,850"
9,华泰期货,"27,758","-1,583",华闻期货,"28,591","-6,759"
10,华闻期货,"27,492","-6,881",国泰君安,"25,438","-1,123"
11,永安期货,"26,614","4,456",广发期货,"21,545",791
12,徽商期货,"26,463",775,徽商期货,"20,103",16
13,冠通期货,"20,424","-10,179",瑞达期货,"20,025",-317
14,创元期货,"20,400",-888,海通期货,"19,878","-4,088"
15,广发期货,"19,543",422,冠通期货,"19,059","-10,754"
16,国富期货,"19,052","-2,517",创元期货,"18,341",-525
17,方正中期,"17,621",-40,方正中期,"17,657","1,587"
18,中辉期货,"17,509",858,国富期货,"16,465","-4,190"
19,中信建投,"17,238",-681,宏源期货,"15,292",-369
20,瑞达期货,"16,534",-885,中粮期货,"14,854",509
合计,,"663,293","-66,677",,"684,216","-70,887"
品种：菜油OI     日期：2021-04-06,,,,,,
名次,会员简称,持买仓量,增减量,会员简称,持卖仓量,增减量
1,中粮期货,"15,802","2,077",中粮期货,"36,392",213
2,国富期货,"13,922","-2,980",光大期货,"15,874",301
3,中信期货,"13,556",180,国投安信期货,"13,886",-765
4,东证期货,"11,546",469,中信期货,"10,485",463
5,建信期货,"8,835",58,安粮期货,"9,513",264
6,国泰君安,"7,082",725,瑞达期货,"6,999",473
7,申银万国,"7,052",-932,英大期货,"6,438",-1
8,西部期货,"6,228",-65,东证期货,"6,304",70
9,国盛期货,"5,832",114,永安期货,"5,867",-232
10,银河期货,"5,509",-115,海通期货,"4,763","1,241"
11,中信建投,"5,263",-795,中信建投,"4,748",-971
12,华泰期货,"5,199",128,兴证期货,"4,733",-72
13,国投安信期货,"4,998",561,国盛期货,"3,728",114
14,永安期货,"4,953",47,华泰期货,"3,632",-284
15,光大期货,"4,533",-313,信达期货,"3,375",-8
16,海通期货,"4,292",401,大有期货,"2,890",168
17,长安期货,"3,681","-1,829",徽商期货,"2,645",170
18,兴证期货,"3,358",653,摩根大通,"2,473",0
19,大有期货,"2,871",181,方正中期,"2,445",-12
20,浙商期货,"2,815",-69,银河期货,"2,399",-8
合计,,"137,327","-1,504",,"149,589","1,124"
品种：短纤PF     日期：2021-04-06,,,,,,
名次,会员简称,持买仓量,增减量,会员简称,持卖仓量,增减量
1,永安期货,"28,165",264,永安期货,"42,402",-209
2,五矿经易期货,"9,094",-20,申银万国,"11,497",30
3,国泰君安,"8,945",-546,国泰君安,"11,408",297
4,银河期货,"8,683",7,国贸期货,"8,461",-95
5,浙商期货,"6,974","2,743",银河期货,"8,430",-386
6,徽商期货,"6,863",366,五矿经易期货,"7,939",-386
7,申银万国,"6,191",-81,中信期货,"6,226",-291
8,东吴期货,"5,242",-499,宝城期货,"6,156",-364
9,鲁证期货,"4,433",-393,光大期货,"5,280",276
10,中信期货,"4,336",936,方正中期,"4,681",-275
11,国贸期货,"4,310","-1,385",东吴期货,"4,075",653
12,平安期货,"4,269",-318,华泰期货,"3,567",446
13,东证期货,"4,256",-275,中粮期货,"3,391",26
14,南华期货,"4,147","-1,117",国投安信期货,"3,235",319
15,光大期货,"3,838",549,浙商期货,"3,176",-78
16,华泰期货,"3,745",-125,徽商期货,"3,003",-105
17,方正中期,"3,492",-207,鲁证期货,"2,831",44
18,东海期货,"3,462","-1,969",广发期货,"2,816",225
19,国信期货,"3,309",-182,南华期货,"2,730",-66
20,中信建投,"3,077",-300,瑞达期货,"2,710",13
合计,,"126,831","-2,552",,"144,014",74
品种：花生PK     日期：2021-04-06,,,,,,
名次,会员简称,持买仓量,增减量,会员简称,持卖仓量,增减量
1,汇鑫期货,"1,051",-4,国投安信期货,768,0
2,一德期货,477,10,东海期货,495,0
3,国信期货,415,0,中粮期货,454,2
4,东吴期货,402,9,美尔雅,427,14
5,中信建投,397,17,一德期货,384,0
6,国泰君安,378,49,弘业期货,366,20
7,广发期货,371,6,鲁证期货,356,50
8,美尔雅,344,-22,银河期货,328,3
9,长江期货,305,12,华泰期货,305,93
10,中信期货,288,-8,浙商期货,302,-1
11,天风期货,275,0,东航期货,302,-3
12,永安期货,259,-10,宏源期货,298,-4
13,招商期货,253,-2,天风期货,274,-5
14,银河期货,252,5,国信期货,270,2
15,东方财富,252,17,招金期货,259,1
16,宏源期货,235,31,中信建投,251,5
17,华安期货,234,29,长江期货,244,9
18,首创期货,234,0,首创期货,238,-2
19,鲁证期货,233,-1,国泰君安,212,13
20,徽商期货,230,6,永安期货,192,-12
合计,,"6,885",144,,"6,725",185
品种：普麦PM     日期：2021-04-06,,,,,,
名次,会员简称,持买仓量,增减量,会员简称,持卖仓量,增减量
1,中州期货,12,0,华融融达期货,25,0
2,福能期货,7,0,东航期货,5,0
3,国投安信期货,4,0,中州期货,2,0
4,招商期货,3,0,海通期货,1,0
5,中辉期货,3,0,国投安信期货,0,0
6,徽商期货,2,0,招商期货,0,0
7,海通期货,1,0,徽商期货,0,0
8,财信期货,1,0,福能期货,0,0
9,华融融达期货,0,0,五矿经易期货,0,0
10,东航期货,0,0,中辉期货,0,0
11,五矿经易期货,0,-2,财信期货,0,-2
合计,,33,-2,,33,-2
品种：菜粕RM     日期：2021-04-06,,,,,,
名次,会员简称,持买仓量,增减量,会员简称,持卖仓量,增减量
1,中信期货,"36,982","-2,281",中粮期货,"63,859","3,945"
2,国泰君安,"27,649",-594,光大期货,"42,411","2,392"
3,中粮期货,"26,961","4,165",中信期货,"23,136",-169
4,华泰期货,"21,500","-2,756",国泰君安,"22,517",-593
5,东证期货,"20,176","-8,230",兴证期货,"20,559",-413
6,永安期货,"17,792",-397,鲁证期货,"18,253",-557
7,海通期货,"14,613","-1,406",华泰期货,"18,229",961
8,申银万国,"14,483",-499,浙商期货,"17,398",72
9,美尔雅,"12,508",-91,国投安信期货,"16,370",483
10,徽商期货,"11,458","1,253",徽商期货,"13,582",-507
11,新湖期货,"10,964",319,东证期货,"12,643",-569
12,宏源期货,"10,460","1,532",西部期货,"12,568",-22
13,海证期货,"9,421",895,瑞达期货,"10,088",-324
14,中投天琪,"9,345",-253,华安期货,"9,307",-720
15,五矿经易期货,"9,310",693,美尔雅,"8,434",632
16,方正中期,"8,974",719,广发期货,"8,200",465
17,国投安信期货,"8,798",-54,宏源期货,"8,183",63
18,瑞达期货,"8,602",-774,银河期货,"7,855",-955
19,创元期货,"8,348",70,弘业期货,"7,255",126
20,兴证期货,"8,085",-725,中信建投,"6,802","-1,791"
合计,,"296,429","-8,414",,"347,649","2,519"
品种：菜籽RS     日期：2021-04-06,,,,,,
名次,会员简称,持买仓量,增减量,会员简称,持卖仓量,增减量
1,大有期货,24,4,长江期货,35,5
2,华闻期货,7,-3,国投安信期货,3,0
3,财信期货,5,2,鲁证期货,2,0
4,创元期货,3,-2,华泰期货,1,0
5,招金期货,3,3,招商期货,1,1
6,民生期货,2,0,方正中期,1,-1
7,广发期货,2,0,中原期货,1,0
8,新纪元期货,1,0,光大期货,1,0
9,招商期货,1,1,浙商期货,1,0
10,华泰期货,0,0,华安期货,1,0
11,国投安信期货,0,0,首创期货,1,0
12,弘业期货,0,0,新纪元期货,0,0
13,方正中期,0,0,弘业期货,0,0
14,鲁证期货,0,0,创元期货,0,0
15,长江期货,0,0,招金期货,0,0
16,中原期货,0,0,美尔雅,0,-1
17,美尔雅,0,0,东航期货,0,0
18,光大期货,0,0,民生期货,0,0
19,浙商期货,0,0,大有期货,0,0
20,东航期货,0,-1,广发期货,0,0
合计,,48,4,,48,4
品种：纯碱SA     日期：2021-04-06,,,,,,
名次,会员简称,持买仓量,增减量,会员简称,持卖仓量,增减量
1,国泰君安,"43,246","2,675",永安期货,"35,185",126
2,永安期货,"22,172","2,400",广发期货,"17,346",805
3,中信期货,"15,787","-2,151",中信期货,"17,005","2,377"
4,光大期货,"14,264","-13,805",国泰君安,"16,658","3,124"
5,方正中期,"13,345","1,804",华泰期货,"16,570",-754
6,申银万国,"11,643",149,光大期货,"15,955","-14,482"
7,中粮期货,"11,023",-553,中粮期货,"14,592","-1,277"
8,五矿经易期货,"10,810",394,东证期货,"13,440","-7,469"
9,国投安信期货,"9,378",388,国投安信期货,"11,572",-69
10,华安期货,"9,063","1,377",宝城期货,"11,219",205
11,东证期货,"9,000","-8,804",五矿经易期货,"10,773","1,547"
12,建信期货,"8,498",3,南华期货,"10,291",-186
13,徽商期货,"8,356",773,银河期货,"8,781",519
14,瑞达期货,"8,262",957,中信建投,"8,030","2,437"
15,华融融达期货,"8,072",252,浙商期货,"8,028",-402
16,银河期货,"7,989",14,鲁证期货,"7,229","1,014"
17,海证期货,"7,414",718,徽商期货,"7,133",824
18,华泰期货,"7,400","-2,275",大地期货,"6,993",29
19,混沌天成期货,"7,223","2,310",瑞达期货,"6,901","1,155"
20,浙商期货,"6,984",705,海通期货,"6,474",-440
合计,,"239,929","-12,669",,"250,175","-10,917"
品种：硅铁SF     日期：2021-04-06,,,,,,
名次,会员简称,持买仓量,增减量,会员简称,持卖仓量,增减量
1,平安期货,"14,988",900,中信期货,"15,643",897
2,中信期货,"12,865",789,银河期货,"15,456","2,580"
3,银河期货,"11,605","2,662",五矿经易期货,"10,577",-209
4,东证期货,"10,613","4,104",东证期货,"10,518","2,256"
5,国泰君安,"7,775",674,国泰君安,"8,651","1,090"
6,国投安信期货,"6,044",30,国投安信期货,"7,582",497
7,华融融达期货,"5,519",-258,中原期货,"5,636",392
8,永安期货,"4,537",899,永安期货,"5,523","-1,019"
9,五矿经易期货,"4,092",-572,华泰期货,"4,545",-786
10,国贸期货,"4,020",77,华融融达期货,"4,474",-74
11,中粮期货,"4,006","1,656",东兴期货,"4,393",165
12,浙商期货,"3,877","-1,412",一德期货,"4,097",-628
13,华泰期货,"3,806","-1,729",兴证期货,"3,806",579
14,宏源期货,"3,785",47,华闻期货,"3,781",-483
15,新湖期货,"3,404","-1,178",宏源期货,"3,722",178
16,兴证期货,"3,352","-1,563",新湖期货,"3,595","-1,133"
17,华闻期货,"3,261",-372,中粮期货,"3,164",689
18,申银万国,"3,259","-1,086",光大期货,"2,767",-18
19,光大期货,"2,988",257,海通期货,"2,651",222
20,徽商期货,"2,798",37,国贸期货,"2,300",-254
合计,,"116,594","3,962",,"122,881","4,941"
品种：锰硅SM     日期：2021-04-06,,,,,,
名次,会员简称,持买仓量,增减量,会员简称,持卖仓量,增减量
1,中信期货,"17,343",-548,中信期货,"22,813","-1,131"
2,浙商期货,"15,558","2,077",国泰君安,"14,431",622
3,国泰君安,"9,025",99,银河期货,"13,241",-813
4,五矿经易期货,"8,751",678,华泰期货,"9,032","2,567"
5,东证期货,"7,178",443,东证期货,"8,124",-667
6,国投安信期货,"6,785",-169,兴证期货,"6,377",324
7,银河期货,"6,499","1,337",五矿经易期货,"5,823",-483
8,永安期货,"5,907",745,申银万国,"4,251",-110
9,东兴期货,"5,562",627,海通期货,"4,126","1,587"
10,上海中期,"5,494",445,永安期货,"4,101",44
11,一德期货,"5,352",290,宏源期货,"3,935",-455
12,华泰期货,"5,269",426,国海良时,"3,893",-197
13,国贸期货,"5,037",528,中电投先融,"3,272",810
14,申银万国,"4,765",164,美尔雅,"3,148",610
15,广发期货,"4,289","2,076",东兴期货,"3,068",816
16,美尔雅,"4,053","-1,371",浙商期货,"2,956",91
17,华安期货,"3,955",191,国信期货,"2,809",-160
18,大地期货,"3,904",666,平安期货,"2,784",196
19,弘业期货,"3,539",593,东海期货,"2,708",762
20,徽商期货,"2,936",316,华安期货,"2,700",188
合计,,"131,201","9,613",,"123,592","4,601"
品种：白糖SR     日期：2021-04-06,,,,,,
名次,会员简称,持买仓量,增减量,会员简称,持卖仓量,增减量
1,中粮期货,"53,668","-3,354",中粮期货,"162,570","4,452"
2,华泰期货,"37,248",-751,中信期货,"38,476","-2,297"
3,国泰君安,"23,253","2,685",华泰期货,"29,689","-1,687"
4,光大期货,"21,811",988,永安期货,"20,851",-541
5,东证期货,"20,115","2,307",首创期货,"20,089","2,610"
6,五矿经易期货,"20,098",-76,宏源期货,"19,104",-433
7,金元期货,"18,542",147,东证期货,"17,975","2,323"
8,中信期货,"17,662",17,东兴期货,"16,353",353
9,永安期货,"16,478",229,中投天琪,"14,989","-1,427"
10,宏源期货,"15,856",-629,天风期货,"14,851",602
11,华融融达期货,"15,752","-1,184",国泰君安,"14,447","-1,822"
12,广发期货,"15,555",197,国投安信期货,"13,640",-873
13,银河期货,"11,000",473,浙商期货,"13,548",-153
14,首创期货,"10,950",539,银河期货,"11,463",256
15,海通期货,"10,038",676,海通期货,"9,445","-3,572"
16,中大期货,"9,874",-114,西部期货,"8,916",55
17,方正中期,"9,704","-1,249",华金期货,"8,230",-986
18,中信建投,"9,304","-1,406",光大期货,"8,068","1,134"
19,中州期货,"9,070","-1,593",广发期货,"7,659",-651
20,浙商期货,"8,784",-741,申银万国,"7,326",-500
合计,,"354,762","-2,839",,"457,689","-3,157"
品种：PTA     日期：2021-04-06,,,,,,
名次,会员简称,持买仓量,增减量,会员简称,持卖仓量,增减量
1,南华期货,"134,497","-3,423",国贸期货,"240,500","11,205"
2,国泰君安,"131,288",885,中信期货,"198,014","-4,152"
3,东证期货,"125,539","-6,538",建信期货,"178,545","-10,321"
4,永安期货,"119,995",970,永安期货,"144,737",506
5,东吴期货,"85,228","-3,101",东证期货,"140,442",405
6,中信期货,"83,409","4,649",银河期货,"136,815","2,891"
7,信达期货,"76,376","-4,551",五矿经易期货,"116,070",137
8,中粮期货,"75,648","1,776",中银国际,"107,438","-9,157"
9,银河期货,"70,336",-284,国泰君安,"84,995",650
10,方正中期,"68,563","3,788",光大期货,"75,396",-337
11,华泰期货,"65,979","1,977",新湖期货,"69,992",728
12,申银万国,"64,863","-1,559",瑞达期货,"66,739","4,194"
13,五矿经易期货,"63,894","1,157",东吴期货,"60,294","-1,382"
14,光大期货,"63,699","4,163",通惠期货,"56,424",299
15,海通期货,"58,218","9,080",东海期货,"48,057","2,236"
16,建信期货,"55,511","-12,139",海通期货,"40,907",88
17,瑞达期货,"54,799","2,731",国投安信期货,"40,238",-185
18,中辉期货,"50,789",-233,首创期货,"40,114",-66
19,徽商期货,"47,379","1,473",华安期货,"36,420","7,536"
20,浙商期货,"45,396","5,007",宏源期货,"35,462",-446
合计,,"1,541,406","5,828",,"1,917,599","4,829"
品种：尿素UR     日期：2021-04-06,,,,,,
名次,会员简称,持买仓量,增减量,会员简称,持卖仓量,增减量
1,永安期货,"9,937",-156,永安期货,"10,966",-294
2,五矿经易期货,"8,690",-480,五矿经易期货,"8,666",-477
3,中信期货,"8,242",-62,国泰君安,"5,662",-546
4,招商期货,"4,304",-4,银河期货,"4,635",160
5,东证期货,"3,842","1,552",宏源期货,"4,031","-1,080"
6,国泰君安,"3,562",-167,格林大华期货,"3,967","1,961"
7,招金期货,"3,544",119,东海期货,"3,590",236
8,中信建投,"3,539",131,东方汇金期货,"3,562","1,636"
9,东海期货,"3,448",40,中信期货,"3,558",-6
10,一德期货,"3,369",-67,国贸期货,"3,224",-67
11,银河期货,"3,036",-52,招商期货,"2,879",-102
12,西南期货,"2,727","1,515",光大期货,"2,693",807
13,光大期货,"2,687",334,徽商期货,"2,274",-250
14,建信期货,"2,667",-43,鲁证期货,"2,262",-237
15,中辉期货,"2,626",-38,兴证期货,"2,108",-34
16,美尔雅,"2,566",-40,中信建投,"2,073",-96
17,华泰期货,"2,500",641,华安期货,"1,896",-235
18,兴证期货,"2,326",594,东吴期货,"1,797",282
19,中融汇信,"2,263",15,招金期货,"1,726",27
20,方正中期,"2,012",-417,华泰期货,"1,720",-498
合计,,"77,887","3,415",,"73,289","1,187"
品种：强麦WH     日期：2021-04-06,,,,,,
名次,会员简称,持买仓量,增减量,会员简称,持卖仓量,增减量
1,国投安信期货,237,0,国泰君安,323,0
2,国泰君安,160,-2,中信建投,260,-2
3,中信建投,132,0,永安期货,89,-1
4,中原期货,30,0,中财期货,66,0
5,中天期货,27,0,华融融达期货,39,0
6,兴证期货,24,-2,长江期货,13,-2
7,东航期货,21,7,东航期货,12,0
8,华安期货,19,0,申银万国,5,0
9,新晟期货,16,0,平安期货,4,0
10,徽商期货,15,-1,中原期货,3,3
11,永安期货,15,0,徽商期货,2,0
12,招商期货,10,1,招商期货,1,1
13,海通期货,8,0,方正中期,1,0
14,上海中期,8,1,鲁证期货,1,0
15,恒泰期货,8,8,中粮期货,1,1
16,申银万国,7,-1,光大期货,1,0
17,上海大陆,6,0,华安期货,1,0
18,银河期货,6,0,恒泰期货,1,0
19,宝城期货,5,-1,晟鑫期货,0,0
20,中信期货,5,0,华泰期货,0,0
合计,,759,10,,823,0
品种：动力煤ZC     日期：2021-04-06,,,,,,
名次,会员简称,持买仓量,增减量,会员简称,持卖仓量,增减量
1,中信期货,"40,640",424,永安期货,"25,408",614
2,华泰期货,"27,181",-397,一德期货,"21,027","3,225"
3,国泰君安,"17,042","1,103",中信期货,"19,329",169
4,银河期货,"13,733",849,银河期货,"17,472","-1,308"
5,宏源期货,"12,497",-47,国泰君安,"16,901",-464
6,海通期货,"12,084","1,016",国投安信期货,"16,438","2,196"
7,东证期货,"11,064","-1,481",光大期货,"12,766",274
8,一德期货,"10,588","-1,576",中大期货,"10,871","-1,092"
9,永安期货,"10,484",708,鲁证期货,"10,077",458
10,申银万国,"7,570",379,美尔雅,"9,893",115
11,兴证期货,"7,470","2,111",国联期货,"9,478",-475
12,鲁证期货,"6,373","-1,034",华泰期货,"9,345",-437
13,招商期货,"6,014",159,东证期货,"8,812",-879
14,宝城期货,"5,739",27,方正中期,"8,213","-1,184"
15,瑞达期货,"5,647",82,徽商期货,"7,777",226
16,方正中期,"5,545",258,东方财富,"7,652",226
17,国投安信期货,"5,440",-949,中信建投,"6,537","-1,757"
18,中信建投,"5,388",-818,宝城期货,"5,736",303
19,光大期货,"5,208",-43,上海东亚,"5,696",66
20,广发期货,"5,103",-735,瑞达期货,"5,556",757
合计,,"220,810",36,,"234,984","1,033"
合约：AP105     日期：2021-04-06,,,,,,
名次,会员简称,持买仓量,增减量,会员简称,持卖仓量,增减量
1,华泰期货,"6,231",13,徽商期货,"8,284",407
2,永安期货,"5,483",855,鲁证期货,"7,389",-642
3,宏源期货,"5,068",56,方正中期,"6,628",-194
4,方正中期,"4,874",177,华安期货,"6,339",-516
5,一德期货,"4,721",352,国富期货,"6,241",-217
6,申银万国,"4,384",119,宏源期货,"4,597",162
7,中信期货,"3,946",-119,银河期货,"4,479",153
8,徽商期货,"3,890",-67,永安期货,"4,160",438
9,鲁证期货,"3,814",313,创元期货,"3,920",-406
10,先锋期货,"3,771",850,申银万国,"3,800",144
11,国泰君安,"3,672",-171,渤海期货,"3,774",164
12,银河期货,"3,595",-164,光大期货,"3,674",492
13,东证期货,"3,307",65,国贸期货,"3,260",88
14,浙商期货,"3,128",-129,大越期货,"3,216",-67
15,中大期货,"2,863",-72,东证期货,"3,128",187
16,中辉期货,"2,797",50,一德期货,"2,952",-91
17,国信期货,"2,731",11,海通期货,"2,900",357
18,东吴期货,"2,729",23,华泰期货,"2,763",-773
19,光大期货,"2,721",-101,长安期货,"2,659",81
20,英大期货,"2,683",77,中信期货,"2,617",248
合计,,"76,408","2,138",,"86,780",15
合约：AP110     日期：2021-04-06,,,,,,
名次,会员简称,持买仓量,增减量,会员简称,持卖仓量,增减量
1,海通期货,"13,404",427,国泰君安,"14,185","1,503"
2,中信期货,"11,769",-227,海通期货,"13,901",755
3,永安期货,"11,369",900,中信期货,"13,804","1,012"
4,国泰君安,"10,038",471,华泰期货,"11,085","1,748"
5,徽商期货,"9,911",867,银河期货,"10,684","2,001"
6,光大期货,"9,620","1,415",徽商期货,"10,562",540
7,方正中期,"9,417","1,484",东证期货,"9,563",834
8,银河期货,"9,238","1,137",光大期货,"9,480","1,515"
9,华泰期货,"8,799",309,招金期货,"8,661",215
10,东证期货,"8,277",-722,宏源期货,"8,223","1,098"
11,申银万国,"7,911",494,方正中期,"8,160",-39
12,华闻期货,"6,951",310,永安期货,"7,968",-936
13,华安期货,"6,665",718,海证期货,"7,781",-7
14,一德期货,"6,520",474,华闻期货,"7,507",449
15,国投安信期货,"6,223",927,华安期货,"7,371",-80
16,南华期货,"5,875",655,鲁证期货,"6,327",-186
17,弘业期货,"5,772",118,倍特期货,"6,233",647
18,国富期货,"5,585",598,中辉期货,"6,035",601
19,国信期货,"5,505",-479,一德期货,"5,823",-566
20,中辉期货,"5,489",734,东吴期货,"5,675",955
合计,,"164,338","10,610",,"179,028","12,059"
合约：AP111     日期：2021-04-06,,,,,,
名次,会员简称,持买仓量,增减量,会员简称,持卖仓量,增减量
1,国泰君安,536,49,鲁证期货,"1,272",1
2,华泰期货,507,193,倍特期货,"1,141",102
3,徽商期货,450,-43,光大期货,847,13
4,中财期货,427,93,方正中期,715,17
5,方正中期,424,23,招金期货,683,56
6,中原期货,408,58,中信建投,582,0
7,申银万国,396,35,金鹏期货,504,0
8,海通期货,385,-97,中州期货,502,1
9,中州期货,371,-4,国盛期货,466,3
10,东吴期货,351,34,大越期货,464,30
11,平安期货,349,60,浙商期货,438,121
12,广州期货,323,8,国泰君安,415,0
13,华安期货,306,-17,先锋期货,363,8
14,中信期货,304,0,徽商期货,361,-128
15,东方财富,275,8,浙江新世纪,323,39
16,东证期货,257,-5,英大期货,293,60
17,永安期货,254,-1,天风期货,227,3
18,安粮期货,231,-29,宝城期货,202,40
19,国投安信期货,213,22,华安期货,182,33
20,中粮期货,204,11,宏源期货,162,8
合计,,"6,971",398,,"10,142",407
合约：AP201     日期：2021-04-06,,,,,,
名次,会员简称,持买仓量,增减量,会员简称,持卖仓量,增减量
1,申银万国,"2,686",473,倍特期货,"2,938",431
2,一德期货,"1,876",-34,永安期货,"2,524",308
3,宏源期货,"1,714",212,中辉期货,"2,493",51
4,方正中期,"1,689",220,鲁证期货,"2,205",25
5,国泰君安,"1,543",95,国泰君安,"2,151",938
6,南华期货,"1,540",83,招金期货,"2,102",60
7,海通期货,"1,536",161,中州期货,"2,095",-14
8,浙商期货,"1,520",136,浙商期货,"1,663",353
9,中大期货,"1,264",7,东吴期货,"1,535",466
10,永安期货,"1,233",59,中信建投,"1,466",73
11,徽商期货,"1,159",88,五矿经易期货,"1,450",69
12,信达期货,"1,149",23,方正中期,"1,447",-16
13,鲁证期货,"1,120",70,华安期货,"1,433",107
14,先锋期货,"1,113",20,光大期货,"1,369",23
15,华安期货,"1,069",121,中财期货,"1,300",351
16,美尔雅,"1,058",33,金鹏期货,"1,204",51
17,东证期货,"1,047",-161,大越期货,"1,167",43
18,宝城期货,"1,042",42,海证期货,"1,154",7
19,中辉期货,993,148,东海期货,"1,019",0
20,华泰期货,986,1,天风期货,"1,003",57
合计,,"27,337","1,797",,"33,718","3,383"
合约：CF105     日期：2021-04-06,,,,,,
名次,会员简称,持买仓量,增减量,会员简称,持卖仓量,增减量
1,银河期货,"40,192","-1,967",中信期货,"31,317","-10,642"
2,永安期货,"31,927","-3,249",华融融达期货,"21,543",245
3,东证期货,"28,250","-6,152",国投安信期货,"21,178",204
4,中信期货,"18,441",-5,新湖期货,"19,973",-165
5,长江期货,"18,156",392,东证期货,"19,368","-4,965"
6,华融融达期货,"12,628","-1,017",中粮期货,"18,365","1,173"
7,五矿经易期货,"12,554",213,长江期货,"16,904",-354
8,国泰君安,"12,100",576,中国国际,"16,858",-846
9,中粮期货,"9,756","-1,591",银河期货,"15,068",393
10,信达期货,"9,666",-2,国泰君安,"14,228",522
11,国投安信期货,"8,957",-877,永安期货,"11,999","-1,432"
12,申银万国,"8,033","-2,292",国贸期货,"10,319","-2,326"
13,兴证期货,"7,185","-1,458",格林大华期货,"6,156",-100
14,宏源期货,"6,946",-383,华泰期货,"5,393",-775
15,广州期货,"6,176",-171,海通期货,"4,958",-439
16,南华期货,"6,046","-2,383",信达期货,"4,290",-113
17,海通期货,"5,611","1,427",瑞达期货,"3,809",28
18,新湖期货,"4,211",151,宏源期货,"3,623",68
19,鲁证期货,"3,910",536,光大期货,"3,619",188
20,浙商期货,"3,885","-1,231",华金期货,"3,582",-42
合计,,"254,630","-19,483",,"252,550","-19,378"
合约：CF107     日期：2021-04-06,,,,,,
名次,会员简称,持买仓量,增减量,会员简称,持卖仓量,增减量
1,大有期货,"5,108",0,中信期货,"4,031",32
2,东证期货,"3,530",4,招商期货,"1,762",6
3,招商期货,"1,285",-23,东证期货,"1,695",-28
4,华融融达期货,"1,196",-2,中投天琪,"1,639",54
5,中信期货,832,-20,兴证期货,"1,560",4
6,新湖期货,701,0,国泰君安,"1,291",74
7,永安期货,670,1,永安期货,916,13
8,中信建投,608,16,华泰期货,868,22
9,华金期货,559,-141,海证期货,737,5
10,国泰君安,545,41,中信建投,591,-47
11,南华期货,510,-197,五矿经易期货,553,0
12,海通期货,480,0,南华期货,511,-197
13,长江期货,453,0,海通期货,408,0
14,五矿经易期货,433,-200,国投安信期货,387,2
15,国投安信期货,401,3,国贸期货,350,13
16,宏源期货,399,-11,长江期货,324,10
17,广发期货,395,383,广发期货,300,281
18,海证期货,302,0,兴业期货,290,0
19,中粮期货,259,36,银河期货,251,-17
20,银河期货,221,135,中财期货,224,20
合计,,"18,887",25,,"18,688",247
合约：CF109     日期：2021-04-06,,,,,,
名次,会员简称,持买仓量,增减量,会员简称,持卖仓量,增减量
1,永安期货,"32,768","4,152",中信期货,"29,510","3,731"
2,申银万国,"15,639","2,021",东证期货,"27,021","4,981"
3,中粮期货,"15,445","2,140",国泰君安,"25,602","2,729"
4,东证期货,"14,341","2,672",国投安信期货,"22,188","1,027"
5,南华期货,"12,951","2,442",银河期货,"16,581",86
6,长江期货,"11,589",-564,永安期货,"16,438","1,446"
7,银河期货,"11,162","2,759",中国国际,"15,711","1,252"
8,五矿经易期货,"10,827",-405,中粮期货,"15,096",902
9,国泰君安,"9,732",557,大有期货,"11,980",13
10,国投安信期货,"9,536",380,信达期货,"10,421",86
11,浙商期货,"8,819",21,国贸期货,"9,745","2,187"
12,中信期货,"8,123",-900,华融融达期货,"9,010",448
13,平安期货,"7,899",87,长江期货,"8,683",187
14,中辉期货,"7,084",505,新湖期货,"7,379",782
15,海证期货,"7,039",277,广州期货,"6,133",37
16,美尔雅,"6,540",5,海通期货,"5,683",212
17,方正中期,"5,941",732,华泰期货,"5,531",203
18,华泰期货,"5,122",-14,瑞达期货,"5,023",-256
19,海通期货,"5,107",329,西部期货,"4,670","1,805"
20,华融融达期货,"5,060",22,鲁证期货,"4,536",655
合计,,"210,724","17,218",,"256,941","22,513"
合约：CF201     日期：2021-04-06,,,,,,
名次,会员简称,持买仓量,增减量,会员简称,持卖仓量,增减量
1,永安期货,"2,959",-5,中粮期货,"4,914",56
2,首创期货,"2,751",19,国联期货,"2,210","1,200"
3,金石期货,"1,703",0,华融融达期货,"2,063",-179
4,东证期货,"1,624",356,中原期货,"1,431","1,400"
5,中信期货,939,-3,金瑞期货,"1,030",0
6,天风期货,590,0,中大期货,851,0
7,国信期货,515,3,银河期货,838,-13
8,国投安信期货,514,1,中信期货,739,97
9,宏源期货,447,28,南华期货,590,4
10,国盛期货,436,0,天风期货,575,0
11,广发期货,305,145,国信期货,507,0
12,海通期货,295,24,格林大华期货,486,4
13,金鹏期货,294,-1,永安期货,410,-87
14,东海期货,282,238,前海期货,406,6
15,申银万国,269,0,首创期货,374,80
16,中粮期货,264,-1,民生期货,345,0
17,盛达期货,255,1,山西三立,280,120
18,中财期货,241,-29,中国国际,236,0
19,国泰君安,236,1,中银国际,210,0
20,华融融达期货,222,-50,财信期货,186,-88
合计,,"15,141",727,,"18,681","2,600"
合约：CJ105     日期：2021-04-06,,,,,,
名次,会员简称,持买仓量,增减量,会员简称,持卖仓量,增减量
1,华泰期货,876,-91,华泰期货,"1,194",118
2,光大期货,721,-40,永安期货,765,9
3,东航期货,533,-89,宏源期货,579,-17
4,一德期货,517,-101,金元期货,566,-109
5,东吴期货,380,-78,五矿经易期货,485,-2
6,天风期货,337,0,中信期货,456,-27
7,华融融达期货,331,44,中辉期货,355,-52
8,海证期货,328,-60,海通期货,333,-26
9,中州期货,300,1,光大期货,326,-7
10,永安期货,296,-54,海证期货,326,-81
11,鲁证期货,294,-3,国泰君安,277,-34
12,金石期货,287,-31,民生期货,246,-16
13,徽商期货,270,-28,兴证期货,223,-31
14,西南期货,269,13,方正中期,218,-22
15,五矿经易期货,261,1,格林大华期货,215,-18
16,中信期货,257,27,上海中期,213,-12
17,招金期货,251,57,中大期货,209,-27
18,长江期货,242,-22,国联期货,198,-4
19,国贸期货,241,27,华闻期货,198,51
20,国泰君安,240,-64,弘业期货,193,2
合计,,"7,231",-491,,"7,575",-305
合约：CJ109     日期：2021-04-06,,,,,,
名次,会员简称,持买仓量,增减量,会员简称,持卖仓量,增减量
1,华泰期货,"2,147",323,中信期货,"1,737",60
2,中信期货,"1,264",3,永安期货,723,31
3,中辉期货,"1,105",1,华闻期货,579,524
4,东航期货,"1,041",170,一德期货,540,-6
5,国投安信期货,638,-39,国投安信期货,471,136
6,云财富期货,514,0,东证期货,441,-39
7,金鹏期货,483,0,云财富期货,435,0
8,银河期货,416,14,华融融达期货,424,97
9,平安期货,413,15,中辉期货,424,-51
10,海证期货,306,5,五矿经易期货,416,154
11,申银万国,283,6,宏源期货,408,114
12,五矿经易期货,274,-3,新湖期货,392,100
13,混沌天成期货,267,-5,方正中期,382,265
14,浙江新世纪,263,84,国泰君安,356,48
15,华鑫期货,255,115,海证期货,356,108
16,鲁证期货,250,12,摩根大通,352,0
17,国泰君安,232,87,申银万国,305,-2
18,永安期货,232,110,华安期货,301,18
19,中粮期货,223,-6,中财期货,289,-128
20,瑞达期货,194,110,天风期货,289,0
合计,,"10,800","1,002",,"9,620","1,429"
合约：FG104     日期：2021-04-06,,,,,,
名次,会员简称,持买仓量,增减量,会员简称,持卖仓量,增减量
1,国投安信期货,750,0,永安期货,732,0
2,永安期货,50,0,神华期货,71,0
3,中大期货,2,0,-,-,-
4,东兴期货,1,0,-,-,-
合计,,803,0,,803,0
合约：FG105     日期：2021-04-06,,,,,,
名次,会员简称,持买仓量,增减量,会员简称,持卖仓量,增减量
1,中信期货,"50,476","-6,496",国泰君安,"10,443","-2,866"
2,国泰君安,"28,395","2,230",中信期货,"9,853","-3,179"
3,永安期货,"12,974","1,142",华泰期货,"9,679",743
4,华泰期货,"10,986","1,258",永安期货,"9,350",-663
5,海通期货,"10,656","-3,402",光大期货,"9,334","-6,102"
6,东证期货,"10,165","-2,641",平安期货,"8,143",282
7,方正中期,"9,160","1,726",徽商期货,"8,005",551
8,国富期货,"8,032",646,海通期货,"8,005","-3,606"
9,银河期货,"6,884","-3,294",国投安信期货,"7,876",316
10,光大期货,"6,549","-6,224",西部期货,"7,301",1
11,瑞达期货,"5,662",275,银河期货,"7,217",639
12,广发期货,"5,569",-89,兴证期货,"7,174","4,856"
13,东航期货,"5,038",111,浙商期货,"7,138",-549
14,国贸期货,"4,716","2,001",方正中期,"6,632","-2,676"
15,申银万国,"4,525",-561,瑞达期货,"5,628",87
16,国投安信期货,"4,167",-272,天风期货,"5,570",-15
17,中辉期货,"4,141","-3,374",国富期货,"5,563",46
18,兴证期货,"4,104","-3,600",广发期货,"5,544","1,063"
19,五矿经易期货,"4,019","1,120",大地期货,"5,375",179
20,新湖期货,"3,878",948,东证期货,"5,115","-9,576"
合计,,"200,096","-18,496",,"148,945","-20,469"
合约：FG107     日期：2021-04-06,,,,,,
名次,会员简称,持买仓量,增减量,会员简称,持卖仓量,增减量
1,方正中期,"2,702",0,方正中期,"2,746",-3
2,弘业期货,"2,115",-20,弘业期货,"2,115",-20
3,五矿经易期货,"1,726",11,五矿经易期货,"1,724",10
4,瑞达期货,"1,573",0,浙商期货,"1,537",199
5,大有期货,"1,401",-2,大有期货,"1,399",-1
6,永安期货,973,0,永安期货,"1,228",9
7,中信期货,608,38,中信期货,657,46
8,宏源期货,606,-99,东证期货,351,-24
9,东证期货,357,-4,申银万国,329,-4
10,申银万国,314,7,东吴期货,300,0
11,上海大陆,306,80,上海大陆,296,70
12,国泰君安,172,127,中大期货,119,0
13,红塔期货,138,0,大地期货,107,4
14,中粮期货,96,2,国泰君安,81,0
15,中投天琪,95,0,华闻期货,62,33
16,国富期货,91,80,华泰期货,59,1
17,华闻期货,63,33,红塔期货,56,0
18,中融汇信,57,0,中信建投,53,4
19,中大期货,43,0,迈科期货,38,0
20,长安期货,40,0,兴证期货,31,9
合计,,"13,476",253,,"13,288",333
合约：FG109     日期：2021-04-06,,,,,,
名次,会员简称,持买仓量,增减量,会员简称,持卖仓量,增减量
1,中信期货,"62,445","5,353",国泰君安,"14,220",260
2,永安期货,"29,018","5,641",永安期货,"14,135",713
3,国泰君安,"16,379",846,华泰期货,"13,486",613
4,方正中期,"11,938",-244,方正中期,"13,225","1,401"
5,五矿经易期货,"11,088",202,南华期货,"11,788","6,492"
6,华泰期货,"9,930","3,660",徽商期货,"11,758",523
7,中粮期货,"9,726",-247,广发期货,"10,370","1,466"
8,瑞达期货,"9,195",755,中信期货,"9,719",549
9,银河期货,"6,844","-2,256",华安期货,"7,835","1,538"
10,海通期货,"6,761","-1,075",大地期货,"6,526",59
11,大地期货,"5,891",-190,中原期货,"6,524",92
12,南华期货,"5,451","1,033",光大期货,"6,305",746
13,招商期货,"5,315",366,银河期货,"6,253",-130
14,宝城期货,"5,125","-3,316",瑞达期货,"6,252",177
15,徽商期货,"4,730",101,海通期货,"5,873",567
16,中信建投,"4,698",981,中信建投,"5,778",-106
17,东吴期货,"4,482","-1,911",安粮期货,"5,455",467
18,东航期货,"3,743",648,浙商期货,"5,388",795
19,中融汇信,"3,742",741,平安期货,"5,000",386
20,中投天琪,"3,683",93,国富期货,"4,865","3,118"
合计,,"220,184","11,181",,"170,755","19,726"
合约：FG111     日期：2021-04-06,,,,,,
名次,会员简称,持买仓量,增减量,会员简称,持卖仓量,增减量
1,华泰期货,"3,420",-400,华泰期货,"3,421",-400
2,冠通期货,"1,750",0,冠通期货,"1,750",0
3,银河期货,625,0,银河期货,643,1
4,华融融达期货,500,0,华融融达期货,500,0
5,国元期货,300,0,国元期货,300,0
6,上海东亚,130,0,上海东亚,130,0
7,弘业期货,79,0,中信期货,65,0
8,方正中期,72,0,方正中期,37,1
9,上海中期,29,0,渤海期货,18,18
10,徽商期货,18,-1,徽商期货,14,2
11,渤海期货,18,18,海证期货,14,0
12,宏源期货,15,0,广发期货,11,0
13,一德期货,15,-1,永安期货,11,0
14,中航期货,5,3,东航期货,8,0
15,招商期货,3,0,国投安信期货,7,0
16,创元期货,3,1,浙商期货,7,0
17,广发期货,2,0,平安期货,7,0
18,东吴期货,2,0,申银万国,6,2
19,先锋期货,2,2,民生期货,6,0
20,东证期货,1,0,招商期货,4,0
合计,,"6,989",-378,,"6,959",-376
合约：FG112     日期：2021-04-06,,,,,,
名次,会员简称,持买仓量,增减量,会员简称,持卖仓量,增减量
1,华泰期货,"3,420",-400,华泰期货,"3,422",-400
2,光大期货,"3,000",0,光大期货,"3,008",2
3,国元期货,"1,800",0,国元期货,"1,807",0
4,弘业期货,642,59,美尔雅,400,0
5,恒泰期货,401,0,恒泰期货,400,0
6,美尔雅,400,0,上海东亚,130,0
7,上海东亚,130,0,华联期货,116,-3
8,东吴期货,113,5,徽商期货,101,-1
9,华联期货,110,0,中粮期货,91,4
10,金元期货,70,0,首创期货,88,0
11,冠通期货,70,0,广发期货,77,3
12,鲁证期货,60,0,金元期货,70,0
13,上海中期,16,0,冠通期货,70,0
14,广发期货,12,0,中国国际,55,0
15,中银国际,10,0,国贸期货,53,50
16,方正中期,7,0,方正中期,35,0
17,徽商期货,4,2,国泰君安,28,3
18,国联期货,3,3,山金期货,23,0
19,银河期货,1,0,安粮期货,20,1
20,-,-,-,东方财富,19,0
合计,,"10,269",-331,,"10,013",-341
合约：FG201     日期：2021-04-06,,,,,,
名次,会员简称,持买仓量,增减量,会员简称,持卖仓量,增减量
1,国投安信期货,"5,553",-1,国投安信期货,"5,579",-4
2,国泰君安,"4,836",-10,国泰君安,"1,481",-432
3,华安期货,"1,083",392,华安期货,"1,061",393
4,美尔雅,871,21,弘业期货,756,-6
5,大地期货,850,-44,美尔雅,736,0
6,中辉期货,701,-33,方正中期,694,-317
7,方正中期,646,-118,东证期货,634,601
8,银河期货,598,3,徽商期货,629,290
9,混沌天成期货,550,150,永安期货,613,135
10,恒泰期货,441,-2,混沌天成期货,550,150
11,首创期货,422,0,民生期货,520,2
12,国信期货,344,6,兴证期货,494,170
13,上海大陆,260,5,东吴期货,476,-113
14,永安期货,247,-5,恒泰期货,468,0
15,大连良运,245,0,五矿经易期货,427,7
16,倍特期货,234,60,首创期货,424,1
17,瑞达期货,233,119,山金期货,393,0
18,宏源期货,224,42,中国国际,327,6
19,浙江新世纪,223,42,光大期货,256,155
20,中财期货,192,9,大连良运,250,1
合计,,"18,753",636,,"16,768","1,039"
合约：JR105     日期：2021-04-06,,,,,,
名次,会员简称,持买仓量,增减量,会员简称,持卖仓量,增减量
1,平安期货,8,0,长江期货,23,0
2,兴证期货,3,0,-,-,-
3,中信期货,2,0,-,-,-
4,东证期货,2,0,-,-,-
5,华泰期货,1,0,-,-,-
6,徽商期货,1,0,-,-,-
7,鲁证期货,1,0,-,-,-
8,中粮期货,1,0,-,-,-
9,海通期货,1,0,-,-,-
10,中原期货,1,0,-,-,-
11,东吴期货,1,0,-,-,-
12,华闻期货,1,0,-,-,-
合计,,23,0,,23,0
合约：MA104     日期：2021-04-06,,,,,,
名次,会员简称,持买仓量,增减量,会员简称,持卖仓量,增减量
1,东证期货,468,0,华泰期货,625,0
2,华泰期货,125,0,中粮期货,42,0
3,国泰君安,62,0,-,-,-
4,中信建投,12,0,-,-,-
合计,,667,0,,667,0
合约：MA105     日期：2021-04-06,,,,,,
名次,会员简称,持买仓量,增减量,会员简称,持卖仓量,增减量
1,中信期货,"46,911","5,887",东证期货,"55,080","-38,364"
2,东证期货,"44,916","-46,193",永安期货,"39,726",135
3,新湖期货,"32,379","7,082",新湖期货,"32,287","5,676"
4,光大期货,"27,953",-292,中信期货,"27,553","5,020"
5,国泰君安,"25,156","-1,583",光大期货,"26,849","-1,554"
6,东吴期货,"20,136","-2,244",东吴期货,"20,859",-670
7,海通期货,"19,606","-4,585",华泰期货,"19,946","-3,116"
8,国富期货,"16,499","-2,630",瑞达期货,"15,107",-8
9,华泰期货,"15,576","-4,145",国泰君安,"15,021","-1,121"
10,中辉期货,"15,423",429,国富期货,"14,775","-4,259"
11,冠通期货,"14,575","-10,506",冠通期货,"14,388","-10,950"
12,永安期货,"13,291","3,832",海通期货,"14,005","-5,672"
13,创元期货,"13,154","-2,603",银河期货,"13,505","1,600"
14,兴证期货,"10,683","2,308",创元期货,"11,851","-2,306"
15,国投安信期货,"10,216","1,900",中粮期货,"10,836",-91
16,浙商期货,"8,943",-436,宏源期货,"10,270",-336
17,瑞达期货,"8,336",-556,中辉期货,"9,880","-2,188"
18,华闻期货,"8,145","-6,819",华闻期货,"9,120","-6,982"
19,东航期货,"7,750","2,998",浙商期货,"8,041",708
20,华安期货,"7,080","-2,889",宁证期货,"7,762",-732
合计,,"366,728","-61,045",,"376,861","-65,210"
合约：MA106     日期：2021-04-06,,,,,,
名次,会员简称,持买仓量,增减量,会员简称,持卖仓量,增减量
1,方正中期,"4,501",0,方正中期,"4,519",17
2,东证期货,"3,098","2,606",东证期货,"3,133","2,605"
3,中信期货,"2,199",-281,永安期货,"1,219",6
4,恒泰期货,"1,027",9,中信期货,"1,035",-175
5,华西期货,907,93,恒泰期货,"1,019",-2
6,东吴期货,675,-71,华西期货,950,93
7,银河期货,627,-24,东吴期货,678,-90
8,中大期货,596,0,中财期货,674,67
9,瑞达期货,567,-239,五矿经易期货,641,-694
10,中信建投,477,-13,中大期货,596,0
11,五矿经易期货,457,-694,山金期货,461,-100
12,大有期货,400,2,瑞达期货,418,-2
13,中财期货,336,301,大有期货,399,1
14,国信期货,322,11,国信期货,322,11
15,中辉期货,302,165,银河期货,263,5
16,大地期货,220,-3,招商期货,226,40
17,浙商期货,218,-53,大地期货,220,-1
18,光大期货,211,-103,光大期货,218,-96
19,中粮期货,118,0,英大期货,213,0
20,鲁证期货,111,0,国投安信期货,167,-30
合计,,"17,369","1,706",,"17,371","1,655"
合约：MA107     日期：2021-04-06,,,,,,
名次,会员简称,持买仓量,增减量,会员简称,持卖仓量,增减量
1,方正中期,"5,505",-1,方正中期,"5,503",0
2,五矿经易期货,"1,932",10,五矿经易期货,"2,285",10
3,建信期货,"1,506",290,中信期货,"1,860",-220
4,大有期货,"1,454",-5,大有期货,"1,401",-5
5,东证期货,"1,086",192,东证期货,"1,109",191
6,中信期货,"1,041",-440,永安期货,"1,006",-20
7,华西期货,886,92,华西期货,"1,002",92
8,东吴期货,656,-19,山金期货,765,0
9,华泰期货,528,13,中财期货,750,0
10,恒泰期货,501,-17,恒泰期货,501,-8
11,银河期货,427,7,东吴期货,441,61
12,瑞达期货,408,-2,瑞达期货,398,-39
13,申银万国,321,-7,申银万国,326,-26
14,中信建投,321,44,国贸期货,264,0
15,一德期货,292,0,光大期货,252,-75
16,光大期货,275,-55,大地期货,250,-4
17,国泰君安,271,0,中州期货,250,0
18,国海良时,264,-81,中辉期货,150,100
19,大地期货,216,-4,华泰期货,109,10
20,中辉期货,206,-38,英大期货,88,0
合计,,"18,096",-21,,"18,710",67
合约：MA108     日期：2021-04-06,,,,,,
名次,会员简称,持买仓量,增减量,会员简称,持卖仓量,增减量
1,光大期货,"3,036",-4,光大期货,"3,018",-2
2,中天期货,250,0,中天期货,250,0
3,安粮期货,75,-20,中辉期货,200,30
4,华西期货,67,-5,中财期货,151,0
5,徽商期货,63,5,方正中期,50,0
6,锦泰期货,63,8,锦泰期货,47,7
7,方正中期,58,0,华西期货,44,-5
8,中信建投,35,0,国投安信期货,30,0
9,浙商期货,31,-7,安粮期货,24,-25
10,宏源期货,30,9,瑞达期货,23,-4
11,海通期货,26,0,国信期货,20,-8
12,国信期货,22,-6,申银万国,19,0
13,瑞达期货,19,14,中信期货,13,-1
14,中辉期货,16,0,大有期货,11,-4
15,申银万国,14,-5,上海中期,11,0
16,东证期货,14,0,中粮期货,10,0
17,华安期货,13,-8,东证期货,8,0
18,国海良时,12,1,浙商期货,8,-10
19,中粮期货,11,0,大地期货,6,-5
20,大有期货,11,-4,宏源期货,5,-2
合计,,"3,866",-22,,"3,948",-29
合约：MA109     日期：2021-04-06,,,,,,
名次,会员简称,持买仓量,增减量,会员简称,持卖仓量,增减量
1,中信期货,"29,688","1,873",中信期货,"54,978",281
2,徽商期货,"20,162",445,东吴期货,"22,702",-125
3,东吴期货,"19,633",-385,永安期货,"17,980",-282
4,广发期货,"15,714",925,徽商期货,"17,673",144
5,东证期货,"14,430","-16,574",广发期货,"16,185","2,538"
6,华闻期货,"13,771",-106,新湖期货,"14,042",114
7,国泰君安,"13,221","1,985",华闻期货,"13,908",197
8,新湖期货,"12,777",-458,一德期货,"10,866","2,769"
9,永安期货,"12,674",599,中州期货,"10,481",664
10,中信建投,"12,592","1,875",安粮期货,"10,413","3,215"
11,华泰期货,"10,724","2,487",国泰君安,"10,177",-3
12,安粮期货,"10,037","2,873",中信建投,"9,815","1,463"
13,宝城期货,"8,344",846,平安期货,"8,925",80
14,海通期货,"8,139","2,430",华泰期货,"7,927",258
15,瑞达期货,"7,154",-71,东证期货,"7,044","-17,330"
16,创元期货,"7,095","1,740",创元期货,"6,481","1,786"
17,东海期货,"6,696",-42,东海期货,"6,059",72
18,东航期货,"6,589",717,东航期货,"5,868",449
19,华安期货,"6,014","-3,795",海通期货,"5,810","1,584"
20,先锋期货,"5,507","1,779",宝城期货,"5,457",70
合计,,"240,961",-857,,"262,791","-2,056"
合约：MA110     日期：2021-04-06,,,,,,
名次,会员简称,持买仓量,增减量,会员简称,持卖仓量,增减量
1,银河期货,"7,194",0,银河期货,"7,198",0
2,光大期货,"5,000",0,光大期货,"5,000",0
3,渤海期货,317,202,渤海期货,317,202
4,国投安信期货,15,0,西南期货,8,-2
5,方正中期,3,-2,方正中期,4,0
6,长江期货,1,0,安粮期货,3,0
7,福能期货,1,0,广州期货,3,1
8,创元期货,1,1,宝城期货,2,0
9,中银国际,1,0,混沌天成期货,1,0
10,迈科期货,1,1,-,-,-
11,东吴期货,1,0,-,-,-
12,国海良时,1,0,-,-,-
合计,,"12,536",202,,"12,536",201
合约：MA111     日期：2021-04-06,,,,,,
名次,会员简称,持买仓量,增减量,会员简称,持卖仓量,增减量
1,银河期货,"7,996",0,银河期货,"8,014",-1
2,弘业期货,"3,000",0,弘业期货,"3,000",0
3,华融融达期货,"2,500",0,华融融达期货,"2,500",0
4,中衍期货,"2,000",0,中衍期货,"2,000",0
5,国元期货,801,0,国元期货,800,0
6,中天期货,450,0,中天期货,450,0
7,九州期货,80,0,一德期货,101,-8
8,国联期货,80,0,国信期货,48,0
9,国泰君安,46,-2,国泰君安,46,0
10,徽商期货,20,0,国富期货,25,0
11,安粮期货,11,2,五矿经易期货,20,0
12,平安期货,9,-1,上海东亚,5,0
13,广州期货,5,0,浙商期货,4,0
14,首创期货,5,0,招商期货,3,0
15,上海东亚,5,0,方正中期,3,-56
16,宏源期货,4,4,大有期货,3,-28
17,浙商期货,3,0,申银万国,2,0
18,华创期货,3,0,长安期货,2,0
19,国海良时,2,0,国投安信期货,1,0
20,华泰期货,1,0,美尔雅,1,0
合计,,"17,021",3,,"17,028",-93
合约：MA112     日期：2021-04-06,,,,,,
名次,会员简称,持买仓量,增减量,会员简称,持卖仓量,增减量
1,银河期货,"8,493",0,银河期货,"8,496",-1
2,光大期货,"5,000",0,光大期货,"5,000",0
3,国元期货,"2,300",0,国元期货,"2,300",0
4,冠通期货,"1,850",0,冠通期货,"1,850",0
5,国信期货,"1,000",0,国信期货,"1,000",0
6,渤海期货,317,202,渤海期货,317,202
7,金元期货,100,0,金元期货,100,0
8,格林大华期货,9,0,广州期货,8,0
9,上海东亚,5,0,上海东亚,5,0
10,华泰期货,4,0,华泰期货,4,0
11,瑞达期货,4,0,安粮期货,2,2
12,恒泰期货,3,0,上海中期,2,-1
13,华安期货,1,1,方正中期,1,0
14,广州期货,1,0,恒泰期货,1,0
15,-,-,-,平安期货,1,0
合计,,"19,087",203,,"19,087",202
合约：MA201     日期：2021-04-06,,,,,,
名次,会员简称,持买仓量,增减量,会员简称,持卖仓量,增减量
1,东吴期货,"8,361",-26,东吴期货,"8,398",40
2,中信期货,"8,270",2,中信期货,"8,011",1
3,华闻期货,"5,507",0,华闻期货,"5,507",0
4,宏源期货,"2,058",-55,永安期货,"3,059",1
5,国信期货,"2,044",5,宏源期货,"2,103",-5
6,民生期货,"1,750",0,瑞达期货,"2,026",-6
7,华金期货,"1,259",50,国信期货,"2,004",-7
8,天风期货,"1,066",17,民生期货,"1,750",0
9,长江期货,736,0,华金期货,"1,254",50
10,华泰期货,710,50,天风期货,"1,032",29
11,新湖期货,700,5,新湖期货,748,55
12,冠通期货,665,82,长江期货,732,1
13,上海东亚,475,1,上海东亚,450,0
14,永安期货,451,24,华安期货,446,5
15,迈科期货,405,25,招商期货,434,358
16,财信期货,400,49,财信期货,399,43
17,鲁证期货,383,16,方正中期,296,-4
18,华安期货,373,-1,大连良运,281,0
19,银河期货,353,28,国贸期货,199,95
20,南华期货,329,55,东证期货,184,-2
合计,,"36,295",327,,"39,313",654
合约：MA202     日期：2021-04-06,,,,,,
名次,会员简称,持买仓量,增减量,会员简称,持卖仓量,增减量
1,银河期货,"5,994",0,银河期货,"5,997",-1
2,冠通期货,"2,150",0,冠通期货,"2,150",0
3,上海东亚,"1,160",0,上海东亚,"1,160",0
4,天风期货,"1,000",0,天风期货,"1,000",0
5,长江期货,730,0,长江期货,730,0
6,国信期货,600,0,国信期货,609,0
7,大连良运,280,0,大连良运,280,0
8,瑞达期货,5,0,中信期货,2,0
9,大有期货,2,0,广州期货,2,0
10,永安期货,2,0,-,-,-
11,徽商期货,1,0,-,-,-
12,中信期货,1,-1,-,-,-
13,中银国际,1,0,-,-,-
14,浙商期货,1,0,-,-,-
15,中国国际,1,0,-,-,-
16,国富期货,1,0,-,-,-
17,混沌天成期货,1,0,-,-,-
合计,,"11,930",-1,,"11,930",-1
合约：OI105     日期：2021-04-06,,,,,,
名次,会员简称,持买仓量,增减量,会员简称,持卖仓量,增减量
1,中粮期货,"6,768",210,中粮期货,"10,127",-198
2,东证期货,"4,952",251,国投安信期货,"6,680",-710
3,国盛期货,"4,860",21,东证期货,"5,411",86
4,中信期货,"4,627",-224,英大期货,"4,282",-16
5,国泰君安,"3,672",170,中信期货,"2,970",371
6,永安期货,"3,180",-28,兴证期货,"2,865",-10
7,中信建投,"2,730",-752,信达期货,"2,592",-7
8,西部期货,"2,361",-19,海通期货,"2,380",756
9,兴证期货,"2,341",560,安粮期货,"2,222",150
10,海通期货,"2,079",-294,光大期货,"1,865",54
11,光大期货,"1,941",191,摩根大通,"1,733",0
12,华泰期货,"1,857",204,瑞达期货,"1,611",20
13,申银万国,"1,729",11,中信建投,"1,561",-948
14,首创期货,"1,684",23,华金期货,"1,531",-186
15,先锋期货,"1,655",64,国富期货,"1,329",812
16,瑞达期货,"1,418",-23,国联期货,"1,101",-71
17,东吴期货,"1,153",-433,方正中期,"1,086",-27
18,招商期货,"1,019",42,华泰期货,946,-168
19,一德期货,"1,008",333,鲁证期货,885,42
20,创元期货,822,70,广发期货,884,-35
合计,,"51,856",377,,"54,061",-85
合约：OI109     日期：2021-04-06,,,,,,
名次,会员简称,持买仓量,增减量,会员简称,持卖仓量,增减量
1,中粮期货,"8,866","1,802",中粮期货,"21,154",452
2,国富期货,"8,796","-1,296",光大期货,"9,439",256
3,中信期货,"8,162",403,国投安信期货,"6,574",92
4,东证期货,"6,109",219,安粮期货,"6,336",110
5,建信期货,"5,363",44,中信期货,"6,284",117
6,申银万国,"4,390",-950,瑞达期货,"5,311",481
7,西部期货,"3,843",-41,永安期货,"4,659",27
8,国投安信期货,"3,622",512,国盛期货,"3,709",125
9,国泰君安,"3,372",554,中信建投,"3,168",54
10,长安期货,"3,210",-2,海通期货,"2,279",466
11,中信建投,"2,464",-75,英大期货,"2,122",11
12,浙商期货,"2,112",-80,兴证期货,"1,758",-26
13,宏源期货,"2,016",-487,新湖期货,"1,417",-14
14,海通期货,"1,995",680,先锋期货,"1,345",5
15,摩根大通,"1,978",16,海证期货,"1,302",53
16,华泰期货,"1,783",-79,银河期货,"1,287",-34
17,永安期货,"1,400",68,东吴期货,"1,198",-243
18,银河期货,"1,359",-146,华泰期货,"1,022",-105
19,光大期货,"1,304",-513,华西期货,988,164
20,新湖期货,"1,219",-6,中投天琪,950,8
合计,,"73,363",623,,"82,302","1,999"
合约：OI201     日期：2021-04-06,,,,,,
名次,会员简称,持买仓量,增减量,会员简称,持卖仓量,增减量
1,国富期货,"3,451",-516,中粮期货,"5,096",-46
2,银河期货,"2,368",9,光大期货,"3,503",7
3,建信期货,"1,461",0,安粮期货,940,0
4,大有期货,"1,047",1,国信期货,515,-38
5,申银万国,809,8,国投安信期货,468,-50
6,倍特期货,650,0,摩根大通,390,0
7,国盛期货,569,117,华泰期货,349,-2
8,国信期货,516,1,中信期货,302,-13
9,长安期货,446,"-1,034",中银国际,270,0
10,一德期货,410,10,南华期货,246,0
11,华泰期货,394,2,中天期货,237,-5
12,中银国际,369,0,中大期货,205,-200
13,徽商期货,304,49,民生期货,192,-2
14,海通期货,202,1,东吴期货,163,-110
15,民生期货,186,0,福能期货,147,-2
16,上海大陆,157,120,美尔雅,139,-55
17,格林大华期货,151,135,天风期货,137,1
18,东证期货,150,0,永安期货,104,-31
19,中粮期货,139,47,华融融达期货,100,0
20,天风期货,130,0,一德期货,100,-4
合计,,"13,909","-1,050",,"13,603",-550
合约：PF105     日期：2021-04-06,,,,,,
名次,会员简称,持买仓量,增减量,会员简称,持卖仓量,增减量
1,永安期货,"12,018",-994,永安期货,"17,075",-343
2,浙商期货,"5,798","2,660",申银万国,"5,864",-117
3,南华期货,"3,287","-1,334",国泰君安,"5,466",-202
4,申银万国,"3,261",-208,宝城期货,"5,429",-370
5,国泰君安,"3,160",-917,中信期货,"4,837",-613
6,鲁证期货,"3,138",-4,国贸期货,"3,397",-179
7,平安期货,"2,617",25,方正中期,"3,041",-279
8,徽商期货,"2,615",128,中粮期货,"2,999",6
9,中信期货,"2,312",526,国投安信期货,"2,736",245
10,东海期货,"2,022","-1,259",宏源期货,"2,305",-478
11,天风期货,"1,884",-11,瑞达期货,"2,263",4
12,东证期货,"1,881",-243,中财期货,"2,180",-95
13,华泰期货,"1,834",-238,浙商期货,"2,159",22
14,中信建投,"1,761",-469,银河期货,"2,103",-402
15,光大期货,"1,698",144,华泰期货,"2,003",127
16,银河期货,"1,696",-123,建信期货,"1,689",-51
17,海通期货,"1,457",-108,南华期货,"1,604",-248
18,宏源期货,"1,357",-12,兴证期货,"1,400",-720
19,上海中期,"1,302",45,中大期货,"1,352",36
20,五矿经易期货,"1,285",129,东证期货,"1,256",322
合计,,"56,383","-2,263",,"71,158","-3,335"
合约：PF107     日期：2021-04-06,,,,,,
名次,会员简称,持买仓量,增减量,会员简称,持卖仓量,增减量
1,永安期货,"12,182",616,永安期货,"19,150",-128
2,五矿经易期货,"7,481",-198,五矿经易期货,"7,678",-179
3,国泰君安,"4,798",102,申银万国,"3,813",-6
4,东吴期货,"1,855",-675,光大期货,"3,755",610
5,方正中期,"1,801",47,国贸期货,"2,504",90
6,申银万国,"1,517",133,国泰君安,"1,758",147
7,国贸期货,"1,414",-8,方正中期,"1,309",-6
8,国信期货,"1,371",-168,兴证期货,"1,211",2
9,格林大华期货,"1,369",31,广发期货,"1,192",102
10,兴证期货,"1,249",16,平安期货,"1,001",-24
11,东证期货,"1,125",-63,招商期货,996,-3
12,招商期货,"1,057",5,东证期货,855,18
13,银河期货,"1,033",-25,南华期货,803,46
14,华泰期货,991,75,中信建投,768,-11
15,平安期货,988,-105,天风期货,733,-107
16,中信建投,961,68,东吴期货,696,16
17,建信期货,955,7,招金期货,673,-258
18,美尔雅,840,-150,东海期货,663,49
19,海证期货,837,-14,恒泰期货,640,1
20,恒泰期货,663,-6,大有期货,633,0
合计,,"44,487",-312,,"50,831",359
合约：PF109     日期：2021-04-06,,,,,,
名次,会员简称,持买仓量,增减量,会员简称,持卖仓量,增减量
1,永安期货,"3,922",640,永安期货,"6,150",262
2,徽商期货,"3,737",493,国泰君安,"4,184",352
3,东吴期货,"2,544",155,国贸期货,"2,560",-6
4,国贸期货,"2,342",54,徽商期货,"2,370",-6
5,中信期货,"1,487",432,东吴期货,"2,188",657
6,申银万国,"1,391",-4,申银万国,"1,805",153
7,东证期货,"1,242",31,鲁证期货,"1,572",9
8,广发期货,"1,205",105,上海中期,"1,561",131
9,东海期货,"1,153",-510,广发期货,"1,301",149
10,鲁证期货,"1,133",10,中信期货,"1,204",204
11,中大期货,"1,096",-121,美尔雅,"1,118",620
12,中辉期货,993,376,华泰期货,"1,096",63
13,国信期货,981,22,海通期货,"1,010",52
14,西南期货,977,6,浙商期货,979,-100
15,国泰君安,977,275,弘业期货,962,-54
16,安粮期货,927,153,安粮期货,879,-38
17,华泰期货,915,38,格林大华期货,856,0
18,光大期货,891,104,平安期货,829,-73
19,银河期货,850,162,银河期货,784,4
20,美尔雅,789,-434,宝城期货,714,3
合计,,"29,552","1,987",,"34,122","2,382"
合约：PK110     日期：2021-04-06,,,,,,
名次,会员简称,持买仓量,增减量,会员简称,持卖仓量,增减量
1,汇鑫期货,"1,046",-4,国投安信期货,765,0
2,一德期货,456,10,中粮期货,441,-9
3,国泰君安,364,45,弘业期货,365,20
4,广发期货,363,5,鲁证期货,356,50
5,东吴期货,351,9,银河期货,305,3
6,中信建投,328,18,浙商期货,301,-1
7,中信期货,262,-8,华泰期货,288,99
8,招商期货,248,0,宏源期货,288,-1
9,东方财富,246,17,东航期货,261,-3
10,永安期货,241,-10,招金期货,259,1
11,光大期货,219,-65,中信建投,251,5
12,华泰期货,206,-48,永安期货,192,-12
13,宏源期货,200,31,金瑞期货,191,0
14,银河期货,199,5,瑞达期货,185,-7
15,华安期货,195,30,东证期货,179,-1
16,徽商期货,189,6,东方财富,175,0
17,格林大华期货,183,-3,华闻期货,171,6
18,方正中期,183,0,申银万国,168,-3
19,国投安信期货,177,2,五矿经易期货,162,-4
20,鲁证期货,165,-1,广发期货,141,-10
合计,,"5,821",39,,"5,444",133
合约：PM105     日期：2021-04-06,,,,,,
名次,会员简称,持买仓量,增减量,会员简称,持卖仓量,增减量
1,福能期货,7,0,华融融达期货,11,0
2,国投安信期货,4,0,中州期货,2,0
3,徽商期货,2,0,-,-,-
合计,,13,0,,13,0
合约：RM105     日期：2021-04-06,,,,,,
名次,会员简称,持买仓量,增减量,会员简称,持卖仓量,增减量
1,中粮期货,"15,303",117,中粮期货,"17,330","-1,155"
2,国泰君安,"14,426",-918,西部期货,"12,291",-51
3,中信期货,"13,929","-3,690",国泰君安,"11,082","-3,433"
4,东证期货,"13,456","-9,564",中信期货,"10,128",-118
5,华泰期货,"7,331","-2,397",光大期货,"9,265",-317
6,海通期货,"6,531","-1,664",兴证期货,"8,723",-570
7,方正中期,"5,403",-645,国投安信期货,"8,226","-1,717"
8,兴证期货,"5,333",-938,华泰期货,"5,799","1,734"
9,宏源期货,"4,609","2,036",银河期货,"5,314",-196
10,申银万国,"4,585",-899,浙商期货,"5,139","-2,213"
11,中投天琪,"4,443",-548,东证期货,"4,839","-1,734"
12,鲁证期货,"3,999",14,宏源期货,"4,229",310
13,东吴期货,"3,948","1,007",徽商期货,"4,174",-504
14,瑞达期货,"3,940",-968,东方财富,"3,600","-1,451"
15,永安期货,"3,827",-28,华安期货,"3,351",-867
16,国贸期货,"3,619","2,375",新湖期货,"3,163",-6
17,海证期货,"3,517",15,永安期货,"3,121",-606
18,新湖期货,"2,981",203,国富期货,"2,947",-251
19,徽商期货,"2,682",686,华融融达期货,"2,792","1,277"
20,银河期货,"2,557",-303,东吴期货,"2,767",123
合计,,"126,419","-16,109",,"128,280","-11,745"
合约：RM107     日期：2021-04-06,,,,,,
名次,会员简称,持买仓量,增减量,会员简称,持卖仓量,增减量
1,五矿经易期货,"4,663",13,中粮期货,"6,011",3
2,华泰期货,"1,857",-341,五矿经易期货,"4,445",0
3,申银万国,"1,857",160,瑞达期货,"2,622",-1
4,福能期货,"1,391",493,安粮期货,"2,562","2,521"
5,方正中期,"1,344",742,华安期货,"2,260","2,218"
6,美尔雅,"1,087",626,弘业期货,"1,462",149
7,中辉期货,"1,003",284,华泰期货,"1,395",-488
8,国海良时,939,-9,兴证期货,"1,321",-42
9,海证期货,939,381,国元期货,"1,260",587
10,创元期货,843,297,大有期货,"1,165",0
11,银河期货,737,-37,鲁证期货,954,-59
12,徽商期货,736,231,一德期货,908,584
13,浙商期货,728,-34,中信期货,801,-73
14,鑫鼎盛期货,677,201,国投安信期货,762,53
15,鲁证期货,635,173,海证期货,729,677
16,国投安信期货,606,47,中信建投,613,-6
17,东证期货,603,65,东证期货,533,-19
18,兴证期货,596,135,锦泰期货,335,3
19,瑞达期货,556,263,海通期货,304,-10
20,中信期货,549,-5,浙商期货,269,-106
合计,,"22,346","3,685",,"30,711","5,991"
合约：RM109     日期：2021-04-06,,,,,,
名次,会员简称,持买仓量,增减量,会员简称,持卖仓量,增减量
1,中信期货,"19,553","1,729",光大期货,"32,900","2,692"
2,永安期货,"12,434",-265,中粮期货,"30,508","6,119"
3,国泰君安,"12,426",227,鲁证期货,"14,924","2,470"
4,中粮期货,"10,507","4,713",浙商期货,"11,881","2,414"
5,海通期货,"7,533",258,国泰君安,"10,527","2,601"
6,申银万国,"7,498",397,兴证期货,"10,272",177
7,华泰期货,"7,050",680,中信期货,"9,648",20
8,新湖期货,"6,977",111,徽商期货,"8,604",-44
9,徽商期货,"6,434",400,东证期货,"6,994","1,139"
10,美尔雅,"5,936","1,295",国投安信期货,"6,410","2,123"
11,东证期货,"5,859","1,237",广发期货,"5,821",377
12,创元期货,"5,309",-142,华泰期货,"5,330",-12
13,中投天琪,"4,878",298,瑞达期货,"4,608",-94
14,海证期货,"4,740",561,弘业期货,"4,196",277
15,宏源期货,"4,676",-1,中信建投,"4,058",382
16,中信建投,"4,541",-23,宏源期货,"3,687",-328
17,浙商期货,"4,461",315,方正中期,"3,623",735
18,瑞达期货,"3,843",173,一德期货,"3,613",4
19,广发期货,"3,777",2,华安期货,"3,559",61
20,福能期货,"3,679",658,申银万国,"3,406",-483
合计,,"142,111","12,623",,"184,569","20,630"
合约：RM201     日期：2021-04-06,,,,,,
名次,会员简称,持买仓量,增减量,会员简称,持卖仓量,增减量
1,大地期货,"5,400",888,中粮期货,"9,982","-1,023"
2,海航期货,"3,041",210,美尔雅,"4,948",591
3,美尔雅,"3,034",-111,创元期货,"2,172",313
4,国投安信期货,"2,485",-157,福能期货,"2,125",509
5,中信期货,"2,400",-316,中信期货,"2,046",-1
6,国信期货,"1,648",140,华泰期货,"1,222",199
7,五矿经易期货,"1,607",153,南华期货,"1,176",434
8,安粮期货,"1,570",-106,中辉期货,"1,155",242
9,弘业期货,"1,278",31,海证期货,"1,117",-451
10,首创期货,"1,082",26,鑫鼎盛期货,"1,077",366
11,国海良时,"1,004",-44,首创期货,"1,062",-4
12,徽商期货,996,18,盛达期货,968,349
13,中粮期货,885,-617,瑞达期货,883,166
14,宏源期货,846,-478,国泰君安,847,261
15,格林大华期货,790,-64,招商期货,756,227
16,华安期货,776,47,广发期货,719,582
17,华泰期货,761,-129,先锋期货,712,133
18,中辉期货,693,-168,银河期货,700,184
19,南华期货,664,-58,申银万国,637,131
20,东吴期货,631,72,鲁证期货,625,"-2,871"
合计,,"31,591",-663,,"34,929",337
合约：RS107     日期：2021-04-06,,,,,,
名次,会员简称,持买仓量,增减量,会员简称,持卖仓量,增减量
1,大有期货,24,4,长江期货,35,5
2,华闻期货,7,-3,国投安信期货,3,0
3,财信期货,5,2,鲁证期货,2,0
4,创元期货,3,-2,华泰期货,1,0
5,招金期货,3,3,招商期货,1,1
6,民生期货,2,0,方正中期,1,-1
7,广发期货,2,0,中原期货,1,0
8,新纪元期货,1,0,光大期货,1,0
9,招商期货,1,1,浙商期货,1,0
10,-,-,-,华安期货,1,0
11,-,-,-,首创期货,1,0
12,-,-,-,-,-,-
合计,,48,5,,48,5
合约：SA104     日期：2021-04-06,,,,,,
名次,会员简称,持买仓量,增减量,会员简称,持卖仓量,增减量
1,兴证期货,842,-40,银河期货,800,0
2,大有期货,813,0,国泰君安,610,0
3,国投安信期货,600,0,永安期货,520,0
4,国海良时,239,0,弘业期货,324,0
5,国泰君安,200,0,中原期货,201,0
6,浙商期货,63,0,中州期货,114,30
7,-,-,-,广州期货,100,0
8,-,-,-,金瑞期货,88,0
合计,,"2,757",-40,,"2,757",30
合约：SA105     日期：2021-04-06,,,,,,
名次,会员简称,持买仓量,增减量,会员简称,持卖仓量,增减量
1,国泰君安,"27,422","2,827",永安期货,"18,582",31
2,永安期货,"11,476","1,231",东证期货,"11,151","-8,112"
3,光大期货,"11,336","-13,901",光大期货,"9,429","-14,454"
4,申银万国,"7,133",73,中信期货,"8,629",920
5,东证期货,"5,207","-9,408",国泰君安,"6,242","2,194"
6,徽商期货,"5,171",556,鲁证期货,"5,840","1,157"
7,弘业期货,"4,913",267,中信建投,"5,649","1,789"
8,中信期货,"4,866","-2,155",华泰期货,"5,625","-1,000"
9,方正中期,"4,507",277,大有期货,"5,246",73
10,华泰期货,"4,382","-1,779",中粮期货,"5,213","-1,327"
11,五矿经易期货,"3,663",134,银河期货,"4,901",721
12,冠通期货,"3,449",74,东兴期货,"4,533",416
13,东方财富,"3,261","1,244",一德期货,"4,197",-94
14,浙商期货,"3,049",981,兴证期货,"3,807",-490
15,银河期货,"2,937",-140,上海大陆,"3,597",214
16,广发期货,"2,899",318,宏源期货,"3,501",994
17,海证期货,"2,831",231,瑞达期货,"3,303","1,141"
18,新湖期货,"2,568","-2,220",冠通期货,"3,259",-6
19,宏源期货,"2,557",30,浙商期货,"3,168",-143
20,中财期货,"2,463",-279,海通期货,"2,870",-778
合计,,"116,090","-21,639",,"118,742","-16,754"
合约：SA106     日期：2021-04-06,,,,,,
名次,会员简称,持买仓量,增减量,会员简称,持卖仓量,增减量
1,瑞达期货,"2,200",-10,银河期货,"1,688",-1
2,永安期货,"1,204",0,招商期货,992,3
3,兴证期货,"1,098",-1,中信期货,737,-110
4,招商期货,992,11,长江期货,694,0
5,锦泰期货,663,0,锦泰期货,663,0
6,五矿经易期货,584,0,兴证期货,598,-1
7,长江期货,503,0,五矿经易期货,586,0
8,中信期货,411,2,方正中期,402,-4
9,方正中期,385,11,浙商期货,399,0
10,国投安信期货,353,2,国投安信期货,361,2
11,国信期货,313,2,中原期货,355,0
12,东海期货,200,0,国信期货,314,4
13,银河期货,101,0,永安期货,220,10
14,国富期货,50,0,海通期货,214,96
15,东证期货,46,-11,中财期货,205,2
16,中大期货,30,0,上海大陆,201,0
17,中辉期货,30,-20,江西瑞奇,103,15
18,中信建投,28,27,弘业期货,72,0
19,徽商期货,13,1,冠通期货,70,-7
20,福能期货,13,-35,国富期货,62,0
合计,,"9,217",-21,,"8,936",9
合约：SA107     日期：2021-04-06,,,,,,
名次,会员简称,持买仓量,增减量,会员简称,持卖仓量,增减量
1,五矿经易期货,"1,357",0,瑞达期货,"2,200",0
2,招商期货,"1,352",-2,五矿经易期货,"1,357",0
3,中信期货,"1,001",-6,永安期货,"1,000",-1
4,国泰君安,835,69,招商期货,989,2
5,永安期货,760,78,兴证期货,784,9
6,长江期货,540,44,中信期货,512,0
7,中大期货,462,0,长江期货,502,0
8,东证期货,425,-18,中大期货,462,0
9,方正中期,352,1,中粮期货,385,0
10,国投安信期货,351,-3,国投安信期货,352,2
11,锦泰期货,313,0,方正中期,352,0
12,兴证期货,289,7,东证期货,313,-16
13,海证期货,237,-6,锦泰期货,313,0
14,国海良时,230,0,浙商期货,302,2
15,海通期货,192,55,广发期货,52,51
16,招金期货,168,0,华泰期货,42,-1
17,中财期货,148,0,鲁证期货,28,20
18,一德期货,127,0,国富期货,19,-6
19,东海期货,107,-11,国信期货,18,0
20,天风期货,102,0,中辉期货,18,-21
合计,,"9,348",208,,"10,000",41
合约：SA109     日期：2021-04-06,,,,,,
名次,会员简称,持买仓量,增减量,会员简称,持卖仓量,增减量
1,国泰君安,"13,311",-194,广发期货,"14,584","1,055"
2,中信期货,"7,819",8,永安期货,"13,845",56
3,方正中期,"7,664","1,494",华泰期货,"10,526",356
4,永安期货,"7,301","1,061",国泰君安,"9,218",885
5,华安期货,"6,771","1,066",南华期货,"9,150",-163
6,中粮期货,"6,762",-479,宝城期货,"8,941",237
7,建信期货,"6,716",-91,国投安信期货,"8,473",23
8,混沌天成期货,"6,482","1,936",中粮期货,"8,000",515
9,中原期货,"5,957",161,五矿经易期货,"6,546",158
10,华融融达期货,"5,585",69,中信期货,"5,328","1,403"
11,五矿经易期货,"5,104",260,大地期货,"5,197",63
12,银河期货,"4,877",147,徽商期货,"4,580",844
13,鲁证期货,"4,640",67,天风期货,"4,127",4
14,国投安信期货,"4,422",403,华安期货,"3,701",531
15,海证期货,"4,259",492,金瑞期货,"3,664",307
16,申银万国,"4,258",75,浙商期货,"3,438",-410
17,信达期货,"3,575",-5,海通期货,"3,158",259
18,一德期货,"3,409",-9,光大期货,"2,969",-62
19,海通期货,"3,358",285,中财期货,"2,636",216
20,安粮期货,"3,353",187,方正中期,"2,535",-494
合计,,"115,623","6,933",,"130,616","5,783"
合约：SA201     日期：2021-04-06,,,,,,
名次,会员简称,持买仓量,增减量,会员简称,持卖仓量,增减量
1,国投安信期货,"2,229",388,光大期货,"3,518",32
2,中粮期货,"1,912",-2,宝城期货,"1,914",54
3,长江期货,"1,753",7,中信期货,"1,787",164
4,中信期货,"1,606",2,五矿经易期货,"1,539","1,502"
5,新湖期货,"1,482",0,国金期货,"1,339","-1,035"
6,国泰君安,"1,469",-27,大地期货,"1,310",-48
7,永安期货,"1,429",29,方正中期,"1,029",-161
8,浙商期货,"1,240",3,永安期货,988,30
9,盛达期货,"1,125",-36,中粮期货,968,-466
10,上海大陆,"1,003",0,上海大陆,824,70
11,华融融达期货,822,0,中辉期货,804,0
12,美尔雅,768,13,浙商期货,720,149
13,鲁证期货,690,-91,广发期货,717,-348
14,瑞达期货,602,-19,申银万国,597,-69
15,中投天琪,600,0,国泰君安,554,46
16,华安期货,563,-10,华安期货,539,-53
17,大地期货,535,-31,美尔雅,497,-4
18,上海东亚,499,71,长江期货,385,-7
19,国海良时,491,5,上海中期,321,3
20,建信期货,470,279,华泰期货,305,-30
合计,,"21,288",581,,"20,655",-171
合约：SF104     日期：2021-04-06,,,,,,
名次,会员简称,持买仓量,增减量,会员简称,持卖仓量,增减量
1,国泰君安,521,0,美尔雅,400,0
2,中大期货,150,0,一德期货,190,0
3,东兴期货,130,0,中原期货,139,0
4,国投安信期货,112,62,华融融达期货,110,0
5,中信期货,30,0,上海中期,100,0
6,上海中期,21,0,国海良时,41,0
7,华融融达期货,6,0,-,-,-
8,国贸期货,5,0,-,-,-
9,东海期货,5,0,-,-,-
合计,,980,62,,980,0
合约：SF105     日期：2021-04-06,,,,,,
名次,会员简称,持买仓量,增减量,会员简称,持卖仓量,增减量
1,平安期货,"10,401",179,银河期货,"9,846","2,014"
2,银河期货,"10,075","2,595",中信期货,"8,170",802
3,东证期货,"8,921","4,098",东证期货,"7,813","2,122"
4,中信期货,"7,219",663,国泰君安,"5,002",70
5,国泰君安,"5,755",386,华泰期货,"4,005",-623
6,华闻期货,"3,220",-363,五矿经易期货,"3,761",-56
7,新湖期货,"3,080","-1,199",华闻期货,"3,676",-438
8,兴证期货,"2,732","-1,622",兴证期货,"3,233",537
9,光大期货,"2,677",166,永安期货,"3,122",692
10,华泰期货,"2,514","-1,846",新湖期货,"3,109","-1,149"
11,国富期货,"2,471",164,一德期货,"2,946",-545
12,永安期货,"2,384",480,宏源期货,"2,633",156
13,国贸期货,"2,011",-32,海通期货,"2,376",193
14,中粮期货,"1,843","1,273",光大期货,"2,228",-62
15,徽商期货,"1,769",66,中原期货,"2,094",-65
16,东方财富,"1,712",-29,金元期货,"1,959",400
17,海通期货,"1,652",-543,中大期货,"1,694",353
18,一德期货,"1,608",-843,华西期货,"1,632",-182
19,混沌天成期货,"1,523",316,海证期货,"1,591",276
20,鲁证期货,"1,402",-6,中粮期货,"1,507",151
合计,,"74,969","3,903",,"72,397","4,646"
合约：SF107     日期：2021-04-06,,,,,,
名次,会员简称,持买仓量,增减量,会员简称,持卖仓量,增减量
1,五矿经易期货,"2,612",0,银河期货,"3,176",246
2,平安期货,"1,311",-1,五矿经易期货,"3,012",-200
3,中信期货,898,-3,中信期货,"1,001",2
4,中粮期货,896,30,国泰君安,975,-4
5,华融融达期货,800,0,中原期货,962,0
6,国投安信期货,730,10,东证期货,497,-9
7,浙商期货,618,-1,华融融达期货,480,0
8,弘业期货,614,108,弘业期货,447,2
9,国贸期货,540,0,永安期货,417,9
10,东证期货,517,-9,国投安信期货,322,1
11,广州期货,502,0,华泰期货,252,0
12,南华期货,500,0,国元期货,232,93
13,大有期货,432,-5,瑞达期货,178,39
14,国泰君安,408,70,新湖期货,173,-12
15,永安期货,401,-1,一德期货,150,50
16,国元期货,325,10,中粮期货,108,32
17,东兴期货,231,38,中钢期货,100,-5
18,山金期货,201,0,宏源期货,95,-27
19,中辉期货,145,-34,兴证期货,60,0
20,财信期货,125,-8,徽商期货,52,-16
合计,,"12,806",204,,"12,689",201
合约：SF109     日期：2021-04-06,,,,,,
名次,会员简称,持买仓量,增减量,会员简称,持卖仓量,增减量
1,中信期货,"4,071",117,国投安信期货,"5,303",395
2,平安期货,"3,274",722,中信期货,"5,299",79
3,申银万国,"2,344",-215,五矿经易期货,"2,839",465
4,宏源期货,"2,313",-201,银河期货,"2,367",314
5,浙商期货,"2,210","-1,405",东兴期货,"2,355",79
6,永安期货,"1,528",419,中原期货,"2,241",457
7,国投安信期货,"1,500",101,国泰君安,"2,179","1,017"
8,国贸期货,"1,464",109,永安期货,"1,728","-1,728"
9,中信建投,"1,457",11,华融融达期货,"1,630",16
10,银河期货,"1,444",68,东证期货,"1,597",145
11,中粮期货,"1,239",353,中粮期货,"1,451",565
12,华泰期货,"1,226",115,平安期货,"1,372",14
13,华融融达期货,"1,203",-59,中州期货,"1,204",54
14,恒泰期货,939,16,宏源期货,913,40
15,华鑫期货,887,197,浙商期货,838,200
16,国泰君安,829,220,徽商期货,836,-20
17,徽商期货,798,-30,弘业期货,739,150
18,建信期货,767,-195,国贸期货,731,-165
19,一德期货,767,143,一德期货,630,-186
20,先锋期货,761,-78,南华期货,581,3
合计,,"31,021",408,,"36,833","1,894"
合约：SM104     日期：2021-04-06,,,,,,
名次,会员简称,持买仓量,增减量,会员简称,持卖仓量,增减量
1,中信期货,"1,010",-50,银河期货,625,-50
2,东兴期货,587,232,东证期货,400,0
3,中大期货,310,-190,国海良时,400,0
4,五矿经易期货,178,13,中电投先融,400,0
5,方正中期,139,0,弘业期货,200,0
6,国投安信期货,88,0,国贸期货,99,0
7,中粮期货,21,0,国投安信期货,88,0
8,东吴期货,10,10,东海期货,88,0
9,-,-,-,中粮期货,21,-270
10,-,-,-,光大期货,19,0
11,-,-,-,浙商期货,3,0
合计,,"2,343",15,,"2,343",-320
合约：SM105     日期：2021-04-06,,,,,,
名次,会员简称,持买仓量,增减量,会员简称,持卖仓量,增减量
1,浙商期货,"12,630","1,822",中信期货,"12,237",121
2,中信期货,"10,048",-142,国泰君安,"10,866",65
3,国泰君安,"6,811",199,华泰期货,"7,706","2,581"
4,国投安信期货,"5,826",-76,东证期货,"5,190",-748
5,东证期货,"4,903",295,兴证期货,"5,190",343
6,五矿经易期货,"4,586",887,银河期货,"4,347","-3,062"
7,银河期货,"4,577",685,海通期货,"3,657","1,343"
8,东兴期货,"4,483",385,申银万国,"3,424",-130
9,华泰期货,"4,191",339,宏源期货,"3,417",-449
10,上海中期,"4,180",160,瑞达期货,"2,552",127
11,国贸期货,"4,086",524,倍特期货,"2,535",-2
12,一德期货,"3,909",-311,金元期货,"2,370","1,308"
13,永安期货,"3,248",333,海证期货,"2,252",230
14,大地期货,"3,226","1,562",浙商期货,"2,158",90
15,申银万国,"3,056",-173,美尔雅,"2,081",622
16,东海期货,"2,535",873,平安期货,"2,006",339
17,广发期货,"2,019","1,567",五矿经易期货,"2,004",-54
18,建信期货,"2,004",481,方正中期,"1,972",328
19,东吴期货,"1,962",621,鲁证期货,"1,709",-15
20,弘业期货,"1,872",489,永安期货,"1,688",-213
合计,,"90,152","10,520",,"79,361","2,824"
合约：SM109     日期：2021-04-06,,,,,,
名次,会员简称,持买仓量,增减量,会员简称,持卖仓量,增减量
1,中信期货,"6,249",-365,中信期货,"10,537","-1,273"
2,美尔雅,"3,544",-530,银河期货,"8,173","2,314"
3,浙商期货,"2,777",264,国泰君安,"2,592",514
4,华安期货,"2,133",227,东证期货,"2,275",109
5,东证期货,"2,054",136,中钢期货,"2,232",-594
6,银河期货,"1,833",642,一德期货,"1,637",533
7,广发期货,"1,664",436,永安期货,"1,614",220
8,申银万国,"1,308",303,国贸期货,"1,573",-36
9,上海中期,"1,295",308,东海期货,"1,452",910
10,徽商期货,"1,274",322,中电投先融,"1,330",450
11,一德期货,"1,226",601,国海良时,"1,322",10
12,永安期货,"1,178",392,西南期货,"1,082","1,040"
13,国泰君安,"1,150",-146,华安期货,"1,031",35
14,中州期货,"1,133",101,建信期货,963,0
15,海通期货,"1,081",326,美尔雅,811,1
16,光大期货,827,-828,东吴期货,808,123
17,国投安信期货,796,-104,平安期货,752,-143
18,宏源期货,795,37,国信期货,667,30
19,方正中期,782,189,中财期货,593,135
20,中辉期货,769,64,光大期货,588,0
合计,,"33,868","2,375",,"42,032","4,378"
合约：SR105     日期：2021-04-06,,,,,,
名次,会员简称,持买仓量,增减量,会员简称,持卖仓量,增减量
1,中粮期货,"18,156",-308,中粮期货,"51,342",314
2,中信期货,"8,186",-454,永安期货,"6,307",-402
3,永安期货,"6,134",175,东兴期货,"6,049",121
4,光大期货,"5,840",940,中信期货,"5,818",-437
5,宏源期货,"5,787",-179,首创期货,"4,898",-393
6,东证期货,"5,240",-586,东证期货,"3,980",-540
7,浙商期货,"3,853",-865,宏源期货,"3,579",-267
8,申银万国,"3,621",24,华泰期货,"2,966",-18
9,华泰期货,"2,955",-550,国投安信期货,"2,864",-706
10,东兴期货,"2,686","1,182",申银万国,"2,736",-305
11,徽商期货,"2,567",-104,英大期货,"2,151",-69
12,中投天琪,"2,499",-301,西部期货,"1,975",55
13,方正中期,"2,324",-537,银河期货,"1,943",79
14,国投安信期货,"2,216",-364,浙商期货,"1,909",-262
15,国泰君安,"2,169",68,徽商期货,"1,794",-21
16,南华期货,"1,842",-200,海通期货,"1,589",-327
17,宝城期货,"1,813",-19,中投天琪,"1,513",-395
18,华融融达期货,"1,786",-451,国盛期货,"1,372","1,368"
19,广发期货,"1,718",-16,大地期货,"1,274",-39
20,建信期货,"1,682",-64,东海期货,"1,225",-299
合计,,"83,074","-2,609",,"107,284","-2,543"
合约：SR107     日期：2021-04-06,,,,,,
名次,会员简称,持买仓量,增减量,会员简称,持卖仓量,增减量
1,招商期货,"1,521",-2,招商期货,"1,608",23
2,五矿经易期货,"1,118",22,五矿经易期货,"1,124",32
3,永安期货,683,25,中信期货,700,-12
4,中信建投,658,-10,中信建投,504,5
5,南华期货,454,-9,永安期货,500,-20
6,方正中期,441,12,银河期货,470,19
7,银河期货,438,-10,南华期货,449,-5
8,国泰君安,403,15,方正中期,428,-88
9,东证期货,383,9,中大期货,410,0
10,申银万国,371,-18,东兴期货,400,-30
11,国贸期货,356,0,浙商期货,357,8
12,中大期货,314,0,东证期货,353,-3
13,国元期货,235,-12,申银万国,336,-4
14,中原期货,214,0,国元期货,314,21
15,锦泰期货,194,71,中辉期货,242,173
16,中信期货,177,13,华金期货,188,186
17,一德期货,103,39,中原期货,150,100
18,中粮期货,101,91,宝城期货,100,0
19,华泰期货,97,24,宏源期货,85,37
20,华金期货,96,94,光大期货,81,79
合计,,"8,357",354,,"8,799",521
合约：SR109     日期：2021-04-06,,,,,,
名次,会员简称,持买仓量,增减量,会员简称,持卖仓量,增减量
1,中粮期货,"31,865","-3,196",中粮期货,"97,257","3,658"
2,华泰期货,"29,249",-342,中信期货,"31,257","-2,234"
3,国泰君安,"20,110","2,605",华泰期货,"23,532","-1,734"
4,五矿经易期货,"18,396",-206,首创期货,"15,187","3,002"
5,金元期货,"17,308",160,宏源期货,"14,550",-190
6,光大期货,"14,281",-47,东证期货,"13,435","2,864"
7,广发期货,"12,406",98,永安期货,"13,420",-120
8,华融融达期货,"12,148",-774,国泰君安,"13,242","-2,134"
9,东证期货,"9,342","2,462",中投天琪,"11,737","-1,470"
10,宏源期货,"9,298",-393,浙商期货,"11,052",77
11,海通期货,"9,121",997,国投安信期货,"10,774",-164
12,中大期货,"8,666",-80,东兴期货,"9,766",263
13,永安期货,"8,186",-87,天风期货,"9,728",166
14,天风期货,"8,109","-4,621",海通期货,"7,780","-3,238"
15,中州期货,"7,932","-1,398",广发期货,"7,509",-651
16,中信建投,"7,472",98,光大期货,"7,129",456
17,中信期货,"7,393",420,西部期货,"6,941",0
18,银河期货,"6,662",523,金瑞期货,"6,745",-32
19,海证期货,"6,015",-82,银河期货,"5,995",106
20,方正中期,"5,704",-713,兴证期货,"5,188",-271
合计,,"249,663","-4,576",,"322,224","-1,646"
合约：SR111     日期：2021-04-06,,,,,,
名次,会员简称,持买仓量,增减量,会员简称,持卖仓量,增减量
1,华泰期货,"3,091",-6,华泰期货,"3,074",0
2,银河期货,"2,739",-1,银河期货,"2,717",12
3,弘业期货,"2,171",2,弘业期货,"2,150",0
4,华融融达期货,"1,200",0,华融融达期货,"1,200",0
5,渤海期货,417,50,中粮期货,"1,088",0
6,恒泰期货,386,0,渤海期货,415,50
7,冠通期货,252,0,恒泰期货,385,0
8,国信期货,200,0,冠通期货,305,-22
9,申银万国,120,21,国信期货,200,0
10,浙商期货,114,0,国元期货,100,0
11,国元期货,100,0,中大期货,80,0
12,中大期货,80,0,上海东亚,50,0
13,国投安信期货,77,-5,神华期货,18,0
14,永安期货,73,0,东吴期货,6,0
15,国泰君安,61,-1,华安期货,6,6
16,中信期货,51,-7,浙商期货,5,1
17,上海东亚,50,0,大有期货,4,-3
18,安粮期货,43,1,光大期货,2,0
19,东吴期货,42,-7,安粮期货,2,1
20,华安期货,40,0,宏源期货,2,0
合计,,"11,307",47,,"11,809",45
合约：SR201     日期：2021-04-06,,,,,,
名次,会员简称,持买仓量,增减量,会员简称,持卖仓量,增减量
1,东证期货,"5,146",422,中粮期货,"12,843",582
2,首创期货,"4,945",614,天风期货,"5,013",474
3,中粮期货,"3,540",59,金鹏期货,"3,730",0
4,西部期货,"2,271",1,创元期货,"2,731",1
5,华泰期货,"1,855",123,华金期货,"2,432",0
6,中信期货,"1,854",45,中投天琪,"1,739",438
7,光大期货,"1,677",102,一德期货,"1,031",13
8,国投安信期货,"1,676",2,华鑫期货,975,70
9,华金期货,"1,667",-12,新湖期货,918,-48
10,永安期货,"1,396",116,宏源期货,888,-13
11,广发期货,"1,347",113,招金期货,826,603
12,浙商期货,"1,225",57,广州期货,785,1
13,方正中期,"1,204",-10,中信期货,701,386
14,东吴期货,914,470,永安期货,624,1
15,金元期货,821,10,中电投先融,451,0
16,东兴期货,771,15,国富期货,423,95
17,宏源期货,703,5,美尔雅,416,-9
18,华融融达期货,618,41,渤海期货,415,50
19,混沌天成期货,548,10,东吴期货,408,-296
20,国泰君安,510,-2,中财期货,378,65
合计,,"34,688","2,181",,"37,727","2,413"
合约：TA104     日期：2021-04-06,,,,,,
名次,会员简称,持买仓量,增减量,会员简称,持卖仓量,增减量
1,首创期货,"5,538",-100,首创期货,"5,000",0
2,宏源期货,"1,274",0,大地期货,"1,000",0
3,光大期货,451,100,兴业期货,599,0
4,国泰君安,417,0,一德期货,513,0
5,中信期货,400,0,国联期货,493,0
6,申银万国,236,0,浙商期货,480,0
7,金瑞期货,128,0,国投安信期货,214,0
8,先锋期货,108,0,东吴期货,172,0
9,东海期货,50,0,金瑞期货,128,0
10,华金期货,47,0,南华期货,96,0
11,东吴期货,45,0,华金期货,47,0
12,国元期货,30,0,申银万国,6,0
13,国联期货,17,0,徽商期货,1,0
14,中大期货,6,0,-,-,-
15,徽商期货,2,0,-,-,-
合计,,"8,749",0,,"8,749",0
合约：TA105     日期：2021-04-06,,,,,,
名次,会员简称,持买仓量,增减量,会员简称,持卖仓量,增减量
1,东证期货,"95,142","-8,206",国贸期货,"137,348","8,212"
2,永安期货,"68,343","-7,487",建信期货,"115,953","-11,510"
3,国泰君安,"58,635","-7,306",通惠期货,"48,006",299
4,银河期货,"31,557","-1,527",中银国际,"47,953","-10,112"
5,东吴期货,"28,159",-5,银河期货,"39,916","-1,309"
6,信达期货,"26,951","-4,830",国泰君安,"30,370","-2,641"
7,中信期货,"26,854","-1,543",东吴期货,"27,984","-2,632"
8,申银万国,"26,348",-969,五矿经易期货,"26,430",-189
9,南华期货,"25,268","-6,379",光大期货,"26,305","-3,151"
10,平安期货,"25,014","-14,852",永安期货,"23,612","4,092"
11,华泰期货,"21,905","1,124",新湖期货,"20,815",114
12,广州期货,"20,689","3,300",国投安信期货,"20,151",-499
13,中粮期货,"18,593",-574,东证期货,"17,166","-1,370"
14,光大期货,"14,815","1,047",东海期货,"16,776",-974
15,五矿经易期货,"14,778",-33,首创期货,"15,665",-741
16,建信期货,"12,734",231,弘业期货,"15,642","-3,157"
17,海通期货,"12,719","-1,059",瑞达期货,"14,894","-2,713"
18,方正中期,"12,009","-2,981",天风期货,"14,553",-583
19,广发期货,"11,919",-978,宏源期货,"13,438",-520
20,天风期货,"11,870","1,172",华金期货,"12,555",-69
合计,,"564,302","-51,855",,"685,532","-29,453"
合约：TA106     日期：2021-04-06,,,,,,
名次,会员简称,持买仓量,增减量,会员简称,持卖仓量,增减量
1,方正中期,"8,561",2,方正中期,"8,500",0
2,创元期货,"5,047",-86,创元期货,"7,040",-35
3,东证期货,"3,375",237,首创期货,"3,194",293
4,冠通期货,"2,100",400,平安期货,"2,819",-8
5,安粮期货,"2,010",-1,华泰期货,"2,665",940
6,新湖期货,"1,945",0,南华期货,"2,545",11
7,上海大陆,"1,762",-82,东证期货,"2,396",50
8,鲁证期货,"1,671",0,安粮期货,"2,034",0
9,招商期货,"1,554",-204,新湖期货,"1,950",0
10,海通期货,"1,341",-56,招商期货,"1,538",26
11,银河期货,"1,304",421,国投安信期货,"1,405",310
12,广发期货,"1,100",0,中信期货,"1,278",-80
13,锦泰期货,"1,094",694,华西期货,"1,034",8
14,东吴期货,"1,039",-958,银河期货,849,-660
15,华泰期货,"1,034",44,海通期货,726,245
16,国泰君安,863,104,申银万国,585,15
17,华西期货,857,-21,永安期货,572,-19
18,南华期货,834,10,中原期货,407,-4
19,中信期货,808,-45,中财期货,395,-15
20,永安期货,610,-6,光大期货,387,46
合计,,"38,909",453,,"42,319","1,123"
合约：TA107     日期：2021-04-06,,,,,,
名次,会员简称,持买仓量,增减量,会员简称,持卖仓量,增减量
1,中粮期货,"9,008",0,方正中期,"7,925",302
2,方正中期,"8,098",505,中信期货,"6,035",109
3,安粮期货,"5,003",0,安粮期货,"5,011",11
4,五矿经易期货,"3,449",47,国贸期货,"3,740",-4
5,东证期货,"2,801",337,南华期货,"3,503",399
6,华泰期货,"2,282",999,浙商期货,"2,903",19
7,广发期货,"2,059",0,鲁证期货,"2,614",400
8,海证期货,"1,896",151,国泰君安,"2,453",-250
9,永安期货,"1,693",98,华泰期货,"2,195",1
10,国海良时,"1,626","1,067",五矿经易期货,"2,054",4
11,招商期货,"1,560",52,华闻期货,"1,997","1,995"
12,兴证期货,"1,549","1,001",东吴期货,"1,921",93
13,锦泰期货,"1,430",154,海证期货,"1,666",0
14,国富期货,"1,340",289,冠通期货,"1,600",400
15,中信期货,"1,334",71,银河期货,"1,597",951
16,海通期货,"1,222",187,兴证期货,"1,500","1,000"
17,中辉期货,"1,101",17,招商期货,"1,480",-20
18,宏源期货,"1,087",113,中原期货,"1,400",400
19,南华期货,999,87,中辉期货,"1,214",148
20,山金期货,860,0,锦泰期货,"1,094",694
合计,,"50,397","5,175",,"53,902","6,652"
合约：TA109     日期：2021-04-06,,,,,,
名次,会员简称,持买仓量,增减量,会员简称,持卖仓量,增减量
1,南华期货,"106,062","2,864",中信期货,"175,193","4,527"
2,国泰君安,"68,947","8,578",东证期货,"118,441","1,657"
3,信达期货,"49,228",299,永安期货,"111,800","-2,881"
4,中信期货,"46,706","5,612",国贸期货,"99,179","2,889"
5,五矿经易期货,"44,677","1,389",五矿经易期货,"86,535",424
6,永安期货,"44,138","7,910",建信期货,"54,400",973
7,海通期货,"42,707","9,994",银河期货,"53,241","1,405"
8,中粮期货,"41,514","2,352",国泰君安,"51,341","3,691"
9,华泰期货,"40,249",-286,中银国际,"49,064",955
10,建信期货,"39,816","-12,378",光大期货,"48,056","2,698"
11,徽商期货,"39,770","1,528",新湖期货,"46,845",606
12,方正中期,"38,514","6,240",瑞达期货,"46,128","6,846"
13,中辉期货,"38,218",956,东海期货,"31,113","3,284"
14,瑞达期货,"37,421","3,290",海通期货,"31,044","1,414"
15,申银万国,"35,387",-835,兴业期货,"26,917",669
16,光大期货,"34,468","2,459",广州期货,"24,744","3,517"
17,浙商期货,"33,490","6,585",华闻期货,"23,929",89
18,银河期货,"32,350",788,华安期货,"22,971","4,577"
19,东吴期货,"30,211","-2,167",申银万国,"22,823","2,745"
20,中信建投,"29,153","2,861",中辉期货,"22,801",216
合计,,"873,026","48,039",,"1,146,565","40,301"
合约：TA110     日期：2021-04-06,,,,,,
名次,会员简称,持买仓量,增减量,会员简称,持卖仓量,增减量
1,东吴期货,"5,802",1,东吴期货,"5,803",2
2,广发期货,608,0,国海良时,357,357
3,宏源期货,143,133,浙商期货,118,0
4,国投安信期货,69,0,银河期货,105,-2
5,东海期货,62,0,国信期货,100,0
6,方正中期,55,0,鑫鼎盛期货,90,0
7,国信期货,50,0,上海东亚,64,0
8,五矿经易期货,42,10,美尔雅,60,0
9,海通期货,34,6,国贸期货,45,0
10,长江期货,31,0,信达期货,40,-15
11,华泰期货,22,22,国投安信期货,35,0
12,国富期货,21,5,招金期货,28,0
13,格林大华期货,20,0,迈科期货,25,0
14,光大期货,19,19,英大期货,24,-28
15,徽商期货,18,6,招商期货,23,0
16,国泰君安,14,10,西南期货,20,0
17,瑞达期货,13,0,金信期货,20,-22
18,一德期货,13,2,广发期货,19,-7
19,美尔雅,9,0,国泰君安,17,0
20,上海中期,8,8,华闻期货,12,0
合计,,"7,053",222,,"7,005",285
合约：TA111     日期：2021-04-06,,,,,,
名次,会员简称,持买仓量,增减量,会员简称,持卖仓量,增减量
1,华融融达期货,"4,203",0,华融融达期货,"4,200",0
2,中衍期货,"2,751",-500,中衍期货,"2,750",-500
3,首创期货,"2,600",0,首创期货,"2,603",0
4,国信期货,"1,700",0,国信期货,"1,700",0
5,中粮期货,957,0,渤海期货,850,0
6,渤海期货,850,0,华安期货,702,625
7,国海良时,357,357,五矿经易期货,639,-26
8,永安期货,324,4,恒泰期货,300,0
9,恒泰期货,300,0,华泰期货,255,209
10,弘业期货,231,0,弘业期货,202,0
11,广发期货,120,20,申银万国,166,0
12,光大期货,52,52,国元期货,147,0
13,中辉期货,48,37,冠通期货,104,0
14,方正中期,47,26,徽商期货,93,78
15,国投安信期货,43,0,国投安信期货,71,0
16,银河期货,41,12,东海期货,62,0
17,五矿经易期货,38,37,盛达期货,52,50
18,招商期货,37,18,中辉期货,35,-6
19,西南期货,37,0,宝城期货,20,0
20,一德期货,35,34,瑞达期货,20,0
合计,,"14,771",97,,"14,971",430
合约：TA112     日期：2021-04-06,,,,,,
名次,会员简称,持买仓量,增减量,会员简称,持卖仓量,增减量
1,国信期货,"2,700",0,国信期货,"2,700",0
2,银河期货,"2,005",4,银河期货,"2,000",0
3,渤海期货,850,0,渤海期货,850,0
4,恒泰期货,850,0,恒泰期货,850,0
5,上海东亚,375,0,上海东亚,374,0
6,财达期货,50,0,国投安信期货,85,0
7,方正中期,28,4,永安期货,55,-4
8,南华期货,28,3,西南期货,48,0
9,一德期货,25,12,东航期货,20,0
10,东证期货,22,0,鑫鼎盛期货,20,0
11,国泰君安,22,0,一德期货,19,17
12,东航期货,18,15,鲁证期货,17,0
13,五矿经易期货,18,14,先锋期货,17,0
14,中信期货,17,-80,华泰期货,13,0
15,徽商期货,16,8,五矿经易期货,13,7
16,信达期货,16,0,中信期货,11,0
17,国投安信期货,11,0,方正中期,8,-1
18,瑞达期货,11,-1,国富期货,8,6
19,上海中期,9,0,上海中期,5,0
20,中大期货,7,0,宏源期货,3,0
合计,,"7,078",-21,,"7,116",25
合约：TA201     日期：2021-04-06,,,,,,
名次,会员简称,持买仓量,增减量,会员简称,持卖仓量,增减量
1,东吴期货,"14,143",-22,银河期货,"37,088","2,518"
2,光大期货,"12,992",320,宝城期货,"14,000",0
3,新湖期货,"9,337",-194,乾坤期货,"11,241",0
4,首创期货,"8,545",2,东吴期货,"10,935",-276
5,国元期货,"8,190",24,中银国际,"10,044",0
6,弘业期货,"7,198","4,571",建信期货,"8,148",208
7,瑞达期货,"7,071",41,首创期货,"8,014",-1
8,中信期货,"6,679",534,中信期货,"7,880",-301
9,海证期货,"6,408",-4,永安期货,"7,699",-649
10,国信期货,"5,521",126,瑞达期货,"5,671",58
11,中粮期货,"5,458",-2,财信期货,"4,098",1
12,华安期货,"5,210","1,837",华安期货,"3,512","1,682"
13,冠通期货,"4,971",0,国信期货,"3,210",-7
14,永安期货,"4,642",486,中辉期货,"3,040",-45
15,天风期货,"4,343",253,弘业期货,"2,438",22
16,财信期货,"4,120",-3,迈科期货,"2,242",-8
17,建信期货,"2,733",-13,大连良运,"1,975","1,771"
18,徽商期货,"2,494",234,东证期货,"1,846",61
19,国贸期货,"2,280",1,华泰期货,"1,547",0
20,国泰君安,"2,173",-10,国海良时,"1,395","1,123"
合计,,"124,508","8,181",,"146,023","6,157"
合约：TA202     日期：2021-04-06,,,,,,
名次,会员简称,持买仓量,增减量,会员简称,持卖仓量,增减量
1,东吴期货,"5,004",0,东吴期货,"5,000",0
2,国信期货,"4,201",0,国信期货,"4,200",0
3,财信期货,"4,068",0,财信期货,"4,065",0
4,首创期货,"2,500",0,首创期货,"2,500",0
5,民生期货,"1,800",0,民生期货,"1,800",0
6,申银万国,622,0,恒泰期货,560,0
7,恒泰期货,560,0,中银国际,375,0
8,中银国际,375,0,东航期货,287,-45
9,中天期货,270,0,中天期货,270,0
10,国联期货,144,0,方正中期,113,5
11,广发期货,88,0,永安期货,106,0
12,上海东亚,80,0,华安期货,106,0
13,渤海期货,60,0,中信期货,100,0
14,华西期货,53,0,浙商期货,100,0
15,美尔雅,22,0,西南期货,93,0
16,永安期货,20,0,上海东亚,80,0
17,新纪元期货,16,0,五矿经易期货,71,26
18,创元期货,15,0,一德期货,43,23
19,方正中期,13,0,平安期货,40,0
20,新湖期货,12,0,华泰期货,35,0
合计,,"19,923",0,,"19,944",9
合约：UR105     日期：2021-04-06,,,,,,
名次,会员简称,持买仓量,增减量,会员简称,持卖仓量,增减量
1,中信期货,"4,152",-82,宏源期货,"3,037",-117
2,一德期货,"3,275",-54,国贸期货,"2,965",-29
3,东证期货,"3,126","1,578",永安期货,"2,681",-15
4,招金期货,"2,854",57,银河期货,"2,515",114
5,建信期货,"2,648",-44,国泰君安,"2,418",-76
6,中辉期货,"2,506",-26,中信期货,"2,311",45
7,国泰君安,"2,476",15,徽商期货,"1,897",-232
8,中信建投,"2,413",124,东吴期货,"1,690",255
9,华泰期货,"2,379",628,华泰期货,"1,628",-445
10,美尔雅,"2,352",-16,华安期货,"1,561",-233
11,中融汇信,"2,202",15,鲁证期货,"1,511",91
12,西南期货,"2,200","1,017",招商期货,"1,412",14
13,永安期货,"1,761",78,中辉期货,"1,350",344
14,银河期货,"1,607",-197,创元期货,"1,304",34
15,招商期货,"1,447",6,建信期货,"1,259",-4
16,鲁证期货,"1,381",422,国投安信期货,"1,200",339
17,方正中期,"1,286",-499,弘业期货,"1,096",-15
18,宏源期货,"1,283",119,光大期货,"1,057",68
19,光大期货,"1,029",-75,兴业期货,"1,036",333
20,兴证期货,964,598,中信建投,907,-103
合计,,"43,341","3,664",,"34,835",368
合约：UR107     日期：2021-04-06,,,,,,
名次,会员简称,持买仓量,增减量,会员简称,持卖仓量,增减量
1,五矿经易期货,"8,376",-263,五矿经易期货,"8,476",-458
2,永安期货,"7,939",-209,永安期货,"7,728",-392
3,中信期货,"4,041",15,东海期货,"3,317",216
4,东海期货,"3,316",214,格林大华期货,"3,168","1,329"
5,招商期货,"2,837",-3,东方汇金期货,"2,859","1,049"
6,江西瑞奇,"1,531",-989,国泰君安,"2,160",-285
7,银河期货,"1,305",128,江西瑞奇,"1,531",-982
8,兴证期货,"1,228",-8,招商期货,"1,452",-121
9,上海大陆,"1,000",-12,兴证期货,"1,241",-9
10,国贸期货,962,-44,招金期货,"1,229",-66
11,光大期货,934,385,光大期货,"1,007",745
12,天风期货,905,2,中信建投,950,-8
13,中信建投,813,-16,中国国际,880,43
14,中国国际,783,4,宏源期货,869,-968
15,创元期货,676,-37,中信期货,836,-45
16,招金期货,670,58,长江期货,738,13
17,东证期货,669,-23,渤海期货,710,89
18,海通期货,642,-5,东证期货,617,1
19,长江期货,624,1,方正中期,585,15
20,东吴期货,613,2,海通期货,566,33
合计,,"39,864",-800,,"40,919",199
合约：UR109     日期：2021-04-06,,,,,,
名次,会员简称,持买仓量,增减量,会员简称,持卖仓量,增减量
1,国泰君安,607,-29,银河期货,"1,903",4
2,国贸期货,566,-12,国泰君安,"1,040",-186
3,摩根大通,555,0,永安期货,543,113
4,华安期货,418,39,鲁证期货,531,33
5,中信建投,282,23,中信期货,408,-6
6,中州期货,257,11,国联期货,282,2
7,宏源期货,239,22,国贸期货,222,-32
8,倍特期货,237,-1,首创期货,217,0
9,永安期货,236,-25,中信建投,216,15
10,金鹏期货,228,0,东兴期货,211,31
11,首创期货,227,4,方正中期,190,2
12,申银万国,225,-27,徽商期货,184,25
13,瑞达期货,225,0,中原期货,180,1
14,光大期货,223,25,瑞达期货,172,13
15,东航期货,211,0,恒泰期货,150,0
16,东兴期货,200,30,海通期货,138,45
17,中国国际,185,4,光大期货,129,-6
18,创元期货,156,8,弘业期货,128,-1
19,鲁证期货,146,19,西南期货,126,0
20,宝城期货,142,-65,宏源期货,111,-1
合计,,"5,565",26,,"7,081",52
合约：WH105     日期：2021-04-06,,,,,,
名次,会员简称,持买仓量,增减量,会员简称,持卖仓量,增减量
1,招商期货,5,0,长江期货,13,-2
2,国泰君安,3,0,恒泰期货,1,0
3,金石期货,2,0,-,-,-
4,中信期货,2,0,-,-,-
5,宝城期货,1,0,-,-,-
6,申银万国,1,0,-,-,-
合计,,14,0,,14,-2
合约：ZC104     日期：2021-04-06,,,,,,
名次,会员简称,持买仓量,增减量,会员简称,持卖仓量,增减量
1,银河期货,"1,400",0,东海期货,"1,400",0
2,永安期货,"1,200",0,国泰君安,400,0
3,-,-,-,瑞达期货,200,0
4,-,-,-,永安期货,200,0
5,-,-,-,新湖期货,200,0
6,-,-,-,锦泰期货,200,0
合计,,"2,600",0,,"2,600",0
合约：ZC105     日期：2021-04-06,,,,,,
名次,会员简称,持买仓量,增减量,会员简称,持卖仓量,增减量
1,中信期货,"23,388",252,永安期货,"21,864",271
2,华泰期货,"18,147",-73,国投安信期货,"13,215","1,724"
3,国泰君安,"12,352",336,国泰君安,"12,255",-887
4,海通期货,"10,281",323,一德期货,"12,038","2,437"
5,宏源期货,"10,245",48,中大期货,"9,334","-1,112"
6,东证期货,"8,956","-1,064",美尔雅,"8,468",81
7,银河期货,"7,491",794,华泰期货,"7,660",-112
8,兴证期货,"7,137","2,057",东证期货,"6,494","-1,007"
9,瑞达期货,"5,187",72,徽商期货,"6,269",-75
10,永安期货,"5,142",618,东方财富,"6,243",35
11,鲁证期货,"5,076",-741,银河期货,"5,901","-1,400"
12,申银万国,"4,680",239,鲁证期货,"5,360",458
13,一德期货,"4,115","-1,472",上海东亚,"5,245",60
14,招商期货,"4,095",3,国联期货,"5,117",-449
15,国投安信期货,"4,008",-952,方正中期,"4,719","-1,148"
16,广发期货,"3,653",-752,瑞达期货,"4,703",697
17,宝城期货,"3,232",-13,华闻期货,"4,626",142
18,海证期货,"3,199",125,中信期货,"4,501",-81
19,中信建投,"3,145",-901,中信建投,"4,388","-1,792"
20,国元期货,"2,955",121,光大期货,"4,299",-748
合计,,"146,484",-980,,"152,699","-2,906"
合约：ZC106     日期：2021-04-06,,,,,,
名次,会员简称,持买仓量,增减量,会员简称,持卖仓量,增减量
1,中大期货,"1,994",2,银河期货,"1,117",30
2,银河期货,"1,003",-18,中信期货,929,7
3,中信期货,836,5,鲁证期货,828,0
4,南华期货,811,-10,一德期货,823,22
5,锦泰期货,726,-161,南华期货,817,0
6,宝城期货,611,9,中财期货,790,0
7,宏源期货,575,-181,永安期货,698,200
8,永安期货,459,46,锦泰期货,669,8
9,华泰期货,442,-10,宝城期货,616,-3
10,方正中期,402,0,宏源期货,522,6
11,国信期货,383,10,中信建投,463,-25
12,大地期货,306,35,方正中期,416,4
13,国泰君安,290,235,国信期货,381,11
14,国投安信期货,262,1,国投安信期货,310,0
15,徽商期货,252,48,平安期货,208,5
16,一德期货,201,91,建信期货,201,0
17,中粮期货,199,27,大地期货,200,7
18,国元期货,174,0,东方财富,163,11
19,海证期货,168,19,中州期货,141,1
20,国海良时,165,5,创元期货,110,0
合计,,"10,259",153,,"10,402",284
合约：ZC107     日期：2021-04-06,,,,,,
名次,会员简称,持买仓量,增减量,会员简称,持卖仓量,增减量
1,华泰期货,"3,618",-252,银河期货,"7,734",68
2,新湖期货,"2,360",874,一德期货,"4,872",782
3,申银万国,"2,260",34,光大期货,"4,772",258
4,中信期货,"2,236",-119,国泰君安,"3,431",315
5,银河期货,"2,155",17,鲁证期货,"2,421",-4
6,永安期货,"2,004",-86,永安期货,"1,511",52
7,国泰君安,"1,989",414,方正中期,"1,272",83
8,中粮期货,"1,907",-13,中信期货,"1,234",181
9,东海期货,"1,552","1,499",中大期货,"1,219",9
10,东证期货,"1,485",-639,国投安信期货,"1,216",590
11,方正中期,"1,479",-19,海通期货,"1,086",865
12,中辉期货,"1,419",961,上海中期,897,40
13,一德期货,"1,306",-48,南华期货,865,18
14,中信建投,"1,271",-5,东方财富,803,102
15,宝城期货,"1,258",-49,宏源期货,733,-112
16,南华期货,"1,113",69,美尔雅,655,-34
17,招商期货,999,48,宝城期货,619,-12
18,海证期货,844,41,华泰期货,589,-162
19,中财期货,811,-37,五矿经易期货,525,-8
20,美尔雅,806,435,东证期货,513,-30
合计,,"32,872","3,125",,"36,967","3,001"
合约：ZC109     日期：2021-04-06,,,,,,
名次,会员简称,持买仓量,增减量,会员简称,持卖仓量,增减量
1,中信期货,"9,155",284,中信期货,"7,582",52
2,华泰期货,"4,823",157,国联期货,"4,297",-6
3,一德期货,"4,519",-147,一德期货,"2,222",-18
4,国泰君安,"2,309",90,光大期货,"2,101",776
5,海通期货,"1,569",667,宝城期货,"2,014",-28
6,永安期货,"1,554",89,东证期货,"1,751",163
7,倍特期货,"1,419",18,方正中期,"1,682",-125
8,方正中期,"1,305",184,银河期货,"1,559",7
9,银河期货,"1,263",53,鲁证期货,"1,442",0
10,美尔雅,"1,140",240,国投安信期货,"1,379",-118
11,先锋期货,"1,079",-76,东吴期货,"1,187",160
12,国富期货,973,291,中信建投,"1,180",62
13,东航期货,970,146,永安期货,"1,081",100
14,光大期货,936,30,上海中期,"1,032",872
15,广发期货,891,28,新湖期货,"1,011",27
16,招商期货,879,99,格林大华期货,917,195
17,东吴期货,854,16,徽商期货,915,209
18,国投安信期货,836,-14,弘业期货,784,131
19,国元期货,825,-6,华安期货,772,329
20,徽商期货,784,48,华泰期货,762,52
合计,,"38,083","2,197",,"35,670","2,840"
合约：ZC201     日期：2021-04-06,,,,,,
名次,会员简称,持买仓量,增减量,会员简称,持卖仓量,增减量
1,中信期货,"5,014",3,中信期货,"5,012",0
2,首创期货,"1,359",5,一德期货,"1,069",2
3,五矿经易期货,"1,023",0,首创期货,"1,000",0
4,国信期货,523,-2,银河期货,738,-4
5,东吴期货,521,1,国元期货,618,-11
6,美尔雅,236,-3,东吴期货,510,4
7,宏源期货,162,17,国信期货,502,-1
8,中银国际,136,0,国投安信期货,318,0
9,华泰期货,129,31,华金期货,309,0
10,方正中期,129,-1,美尔雅,200,0
11,浙江新世纪,121,0,中银国际,136,0
12,东航期货,119,6,广州期货,101,0
13,国联期货,90,0,华安期货,84,-5
14,永安期货,89,46,方正中期,61,2
15,国泰君安,88,28,中航期货,60,0
16,迈科期货,86,2,和合期货,53,28
17,徽商期货,80,5,西南期货,52,2
18,东方财富,71,3,五矿经易期货,45,0
19,华融期货,63,0,国贸期货,38,0
20,银河期货,61,2,永安期货,37,0
合计,,"10,100",143,,"10,943",17
